name_enroll,imagenum_enroll,name_verify,imagenum_verify
Julianna_Margulies_2,0,Patricia_Heaton_1,0
Brian_Griese_3,0,Sergio_Garcia_1,0
Michael_Dell_1,0,Vitali_Klitschko_3,0
Grant_Hackett_2,0,Ricardo_Monasterio_1,0
Isaiah_Washington_2,0,Pascal_Affi_Nguessan_2,0
Anders_Fogh_Rasmussen_1,0,Rick_Perry_2,0
Gordon_Brown_2,0,Joseph_Ralston_2,0
Brian_Griese_2,0,Grant_Hackett_2,0
Mohamed_Seineldin_1,0,Woody_Allen_2,0
Anthony_Carter_1,0,Calbert_Cheaney_3,0
James_Caan_3,0,Nestor_Kirchner_3,0
Carlo_Azeglio_Ciampi_3,0,Carl_Reiner_2,0
Jim_Haslett_3,0,Prince_Edward_1,0
Sigourney_Weaver_3,0,Valerie_Harper_1,0
Jeremy_Greenstock_1,0,Tom_Ridge_1,0
Bill_Frist_3,0,Rick_Perry_3,0
Michael_Richards_1,0,Rick_Perry_1,0
Linus_Roache_3,0,Thomas_Watjen_1,0
Brian_Griese_3,0,Sean_Hayes_2,0
Ivana_Trump_2,0,Pamela_Anderson_2,0
Juan_Pablo_Montoya_2,0,Tommy_Haas_3,0
Dora_Bakoyianni_1,0,Liu_Xiaoqing_1,0
Brian_Griese_3,0,Sean_Hayes_1,0
Grant_Hackett_2,0,Martin_Keown_1,0
Lorraine_Bracco_1,0,Melina_Kanakaredes_1,0
Ricardo_Monasterio_1,0,Thomas_Rupprath_1,0
Christian_Lacroix_3,0,Romeo_Gigli_1,0
Fernando_Sanz_1,0,Vitali_Klitschko_1,0
Augusto_Pinochet_1,0,Jimmy_Carter_1,0
Roy_Moore_2,0,Terry_McAuliffe_1,0
Bernard_Law_2,0,Jerry_Tarkanian_1,0
Jennifer_Garner_3,0,Rachel_Roy_3,0
Bill_Nelson_3,0,Trent_Lott_1,0
Rick_Perry_3,0,Thomas_Watjen_1,0
Sam_Brownback_1,0,Trent_Lott_1,0
Rich_Gannon_3,0,Sterling_Hitchcock_2,0
Mark_Wahlberg_1,0,William_Macy_1,0
Gary_Williams_2,0,Mike_Krzyzewski_2,0
Brian_Griese_2,0,Sergio_Garcia_2,0
David_Collenette_2,0,Edward_Arsenault_3,0
Charles_Grassley_3,0,Don_Carcieri_1,0
Alfonso_Soriano_1,0,Calbert_Cheaney_3,0
Gary_Williams_1,0,Terry_McAuliffe_2,0
Jennifer_Garner_3,0,Julianna_Margulies_2,0
Grant_Hackett_2,0,Ricardo_Monasterio_3,0
Francisco_Garcia_1,0,Grant_Hackett_2,0
Dianne_Reeves_3,0,Dwayne_Wade_3,0
Anders_Fogh_Rasmussen_2,0,Rick_Perry_3,0
Mohamed_Seineldin_1,0,Woody_Allen_3,0
Brian_Griese_3,0,Sergio_Garcia_3,0
Dwayne_Wade_3,0,Isaiah_Washington_2,0
Candice_Bergen_2,0,Sigourney_Weaver_3,0
James_Caan_3,0,Nestor_Kirchner_2,0
Sam_Brownback_3,0,Trent_Lott_2,0
Nicolas_Lapentti_1,0,Tommy_Haas_3,0
Robert_Fico_1,0,Tom_Vilsack_2,0
Boris_Becker_3,0,Terry_McAuliffe_1,0
Guus_Hiddink_2,0,Joseph_Ralston_2,0
Bill_Frist_3,0,Rick_Perry_1,0
Bill_Frist_3,0,Thomas_Watjen_2,0
Brian_Griese_2,0,Sean_Hayes_1,0
Juan_Pablo_Montoya_1,0,Tommy_Haas_1,0
Dora_Bakoyianni_1,0,Liu_Xiaoqing_2,0
Grant_Hackett_1,0,Martin_Keown_2,0
Lorraine_Bracco_2,0,Melina_Kanakaredes_1,0
Jacques_Rogge_2,0,Luis_Ernesto_Derbez_Bautista_1,0
Justine_Henin_1,0,Tom_Glavine_1,0
Gene_Robinson_1,0,Vaclav_Havel_2,0
Jennifer_Garner_1,0,Patricia_Heaton_1,0
Fernando_Sanz_2,0,Vitali_Klitschko_2,0
Luis_Ernesto_Derbez_Bautista_1,0,Trent_Lott_1,0
Roy_Moore_2,0,Terry_McAuliffe_3,0
Jennifer_Garner_3,0,Rachel_Roy_1,0
Bill_Nelson_3,0,Trent_Lott_2,0
Roy_Moore_2,0,Sam_Brownback_1,0
Sam_Brownback_3,0,Trent_Lott_1,0
Martin_Keown_1,0,Thomas_Watjen_2,0
Rich_Gannon_2,0,Sterling_Hitchcock_3,0
Mark_Wahlberg_3,0,William_Macy_2,0
Erika_Christensen_1,0,Jennifer_Garner_1,0
Michael_Dell_1,0,Vitali_Klitschko_1,0
Gary_Williams_1,0,Terry_McAuliffe_3,0
Abel_Pacheco_2,0,Trent_Lott_1,0
Isaiah_Washington_2,0,Pascal_Affi_Nguessan_1,0
Brian_Griese_2,0,Tom_Coverdale_1,0
Gary_Williams_2,0,Lleyton_Hewitt_2,0
Jennifer_Garner_1,0,Juliette_Binoche_3,0
Nicolas_Lapentti_2,0,Tommy_Haas_1,0
Jeremy_Greenstock_2,0,Tom_Ridge_2,0
Boris_Becker_2,0,Terry_McAuliffe_3,0
Jeanne_Moreau_2,0,Valerie_Harper_1,0
Bill_Nelson_3,0,William_Macy_3,0
Bill_Frist_1,0,Rick_Perry_2,0
Bill_Frist_1,0,Thomas_Watjen_1,0
Bryan_Adams_1,0,Mark_Wahlberg_3,0
Juan_Pablo_Montoya_1,0,Tommy_Haas_3,0
Brian_Griese_2,0,Sean_Hayes_2,0
Grant_Hackett_2,0,Martin_Keown_3,0
Angela_Bassett_2,0,Corinne_Coman_3,0
Barbara_Brezigar_3,0,Valerie_Harper_1,0
Jan_Pronk_3,0,Phil_Gramm_1,0
Jennifer_Garner_3,0,Patricia_Heaton_2,0
Abel_Pacheco_1,0,Jacques_Rogge_2,0
Fernando_Sanz_3,0,Vitali_Klitschko_3,0
Guy_Ritchie_1,0,Mario_Lemieux_2,0
Luis_Ernesto_Derbez_Bautista_2,0,Trent_Lott_2,0
Carl_Reiner_2,0,Steve_Ballmer_2,0
Roy_Moore_3,0,Terry_McAuliffe_3,0
Bill_Nelson_2,0,Trent_Lott_2,0
Brad_Johnson_3,0,Dale_Earnhardt_Jr_3,0
Martin_Keown_3,0,Thomas_Watjen_2,0
Bill_Frist_2,0,Mario_Dumont_2,0
Rich_Gannon_3,0,Sterling_Hitchcock_1,0
Benjamin_Netanyahu_3,0,Jacques_Rogge_3,0
David_Collenette_2,0,Edward_Arsenault_2,0
Gary_Williams_2,0,Terry_McAuliffe_2,0
Michael_Richards_1,0,Rick_Perry_2,0
Angela_Lansbury_1,0,Ann_Veneman_3,0
Alfonso_Soriano_1,0,Dwayne_Wade_3,0
John_McCain_3,0,Milan_Kucan_2,0
Bryan_Adams_2,0,Mark_Wahlberg_3,0
Candice_Bergen_1,0,Sigourney_Weaver_3,0
Jeremy_Greenstock_2,0,Tom_Ridge_3,0
Anthony_Carter_2,0,Calbert_Cheaney_2,0
Sam_Brownback_2,0,Trent_Lott_1,0
Tsutomu_Takebe_1,0,Yasushi_Akashi_2,0
Luis_Ernesto_Derbez_Bautista_1,0,Mohamed_Seineldin_1,0
Chris_Rock_3,0,Evander_Holyfield_1,0
Bob_Stoops_3,0,Richard_Tubb_3,0
Silvio_Berlusconi_3,0,Tony_Blair_1,0
Dino_Risi_2,0,Walter_Mondale_3,0
Doc_Rivers_1,0,Evander_Holyfield_1,0
Ismail_Merchant_1,0,Mario_Kreutzberger_1,0
Fred_Durst_2,0,Jason_Alexander_3,0
Bode_Miller_3,0,Brandon_Webb_1,0
Jeffrey_Donaldson_2,0,Mack_Brown_1,0
Ismail_Merchant_2,0,Silvio_Berlusconi_1,0
Al_Sharpton_3,0,Denzel_Washington_1,0
Theresa_May_2,0,Tippi_Hedren_1,0
Dianne_Feinstein_1,0,Gloria_Allred_3,0
Jennifer_Connelly_1,0,Kathie_Louise_Saunders_1,0
Jacques_Chirac_1,0,Silvio_Berlusconi_3,0
Erik_Morales_1,0,James_McGreevey_3,0
Michel_Kratochvil_2,0,Mikhail_Youzhny_1,0
Jennifer_Connelly_3,0,Salma_Hayek_2,0
Al_Sharpton_1,0,Chris_Rock_1,0
Juan_Ignacio_Chela_1,0,Prince_William_3,0
Salma_Hayek_1,0,Sandra_Bullock_2,0
Joe_Crede_1,0,Werner_Schlager_1,0
Juljia_Vysotskij_2,0,Steffi_Graf_1,0
David_Beckham_3,0,Xavier_Malisse_1,0
Charles_Schumer_1,0,Geoff_Hoon_2,0
Dick_Clark_3,0,Mario_Kreutzberger_1,0
Catherine_Bell_3,0,Marie-Josee_Croze_1,0
Hayley_Tullett_1,0,Tatiana_Panova_1,0
Dianne_Feinstein_2,0,Gloria_Allred_2,0
Lars_Burgsmuller_1,0,Yevgeny_Kafelnikov_1,0
Denzel_Washington_1,0,Richard_Hamilton_1,0
Bode_Miller_3,0,Joe_Crede_2,0
David_Beckham_2,0,Joe_Crede_2,0
Carolina_Barco_3,0,Ratna_Sari_Dewi_Sukarno_1,0
Christine_Baumgartner_1,0,Sarah_Hughes_1,0
Howard_Dean_2,0,Richard_Shelby_1,0
Catherine_Bell_2,0,Sally_Field_2,0
Gloria_Allred_3,0,Theresa_May_1,0
Harry_Kalas_2,0,Leon_Barmore_1,0
Placido_Domingo_1,0,Zalmay_Khalilzad_3,0
Gunilla_Backman_1,0,Katie_Harman_1,0
Charles_Schumer_1,0,Olene_Walker_2,0
Melissa_Joan_Hart_1,0,Tippi_Hedren_2,0
Farouk_al-Sharaa_1,0,Robin_McLaurin_Williams_3,0
Don_Flanagan_3,0,Yevgeny_Kafelnikov_3,0
Aron_Ralston_3,0,Juan_Ignacio_Chela_1,0
Anna_Kournikova_2,0,Hayley_Tullett_3,0
Andre_Agassi_1,0,Mehdi_Baala_3,0
Evan_Rachel_Wood_1,0,Sarah_Hughes_1,0
Juan_Ignacio_Chela_2,0,Xavier_Malisse_3,0
Carey_Lowell_1,0,Laura_Morante_1,0
Katie_Harman_1,0,Sarah_Hughes_1,0
Bob_Melvin_1,0,Colin_Farrell_3,0
Carey_Lowell_1,0,Daryl_Hannah_3,0
Gunilla_Backman_1,0,Melissa_Joan_Hart_2,0
Leandrinho_Barbosa_1,0,Peter_Bacanovic_2,0
Andre_Agassi_1,0,Jason_Kidd_2,0
Jason_Kidd_1,0,Leonardo_DiCaprio_1,0
Evan_Rachel_Wood_3,0,Priscilla_Presley_1,0
Bob_Melvin_2,0,James_McGreevey_3,0
Bob_Stoops_2,0,Richard_Tubb_3,0
Damon_Dash_1,0,Eddie_Murray_1,0
Ismail_Merchant_1,0,Mario_Kreutzberger_2,0
Fred_Durst_2,0,Jason_Alexander_2,0
Bode_Miller_2,0,Brandon_Webb_1,0
Ismail_Merchant_1,0,Silvio_Berlusconi_1,0
Dino_Risi_2,0,Walter_Mondale_1,0
Geoff_Hoon_2,0,Silvio_Berlusconi_3,0
Sandra_Bullock_2,0,Steffi_Graf_2,0
Juan_Ignacio_Chela_3,0,Michel_Kratochvil_2,0
Al_Sharpton_2,0,Denzel_Washington_2,0
Theresa_May_3,0,Tippi_Hedren_3,0
David_Beckham_3,0,Xavier_Malisse_3,0
Dianne_Feinstein_1,0,Tippi_Hedren_2,0
Dianne_Feinstein_3,0,Gloria_Allred_3,0
Jacques_Chirac_3,0,Silvio_Berlusconi_3,0
Isabella_Rossellini_1,0,Maria_Luisa_Mendonca_1,0
Bernardo_Segura_2,0,Mikhail_Youzhny_1,0
Al_Sharpton_1,0,Chris_Rock_2,0
Juan_Ignacio_Chela_1,0,Prince_William_1,0
Salma_Hayek_2,0,Sandra_Bullock_2,0
Jacques_Chirac_3,0,Nelson_Acosta_3,0
Joe_Crede_2,0,Werner_Schlager_1,0
Juljia_Vysotskij_1,0,Steffi_Graf_3,0
Dick_Clark_3,0,Mario_Kreutzberger_3,0
Hayley_Tullett_3,0,Tatiana_Panova_3,0
Dianne_Feinstein_1,0,Gloria_Allred_2,0
David_Beckham_3,0,Joe_Crede_2,0
Carolina_Barco_3,0,Ratna_Sari_Dewi_Sukarno_2,0
Christine_Baumgartner_1,0,Sarah_Hughes_2,0
Brandon_Webb_1,0,Sergei_Yushenkov_1,0
Al_Sharpton_1,0,Richard_Hamilton_1,0
Gloria_Allred_2,0,Theresa_May_1,0
Harry_Kalas_1,0,Leon_Barmore_3,0
Charles_Schumer_1,0,Olene_Walker_1,0
Melissa_Joan_Hart_2,0,Tippi_Hedren_2,0
Don_Flanagan_2,0,Yevgeny_Kafelnikov_1,0
Anna_Kournikova_1,0,Hayley_Tullett_2,0
Ben_Kingsley_2,0,Harry_Kalas_2,0
Evan_Rachel_Wood_1,0,Sarah_Hughes_3,0
Anna_Kournikova_2,0,Sarah_Hughes_2,0
Kathie_Louise_Saunders_1,0,Salma_Hayek_3,0
Joe_Crede_2,0,Peter_Bacanovic_2,0
Catherine_Bell_3,0,Jennifer_Connelly_3,0
Alberto_Sordi_1,0,Walter_Mondale_1,0
Harry_Kalas_3,0,Tom_DeLay_2,0
Gunilla_Backman_2,0,Melissa_Joan_Hart_2,0
Eddie_Murray_2,0,Evander_Holyfield_1,0
Jennifer_Connelly_1,0,Salma_Hayek_1,0
Leandrinho_Barbosa_1,0,Peter_Bacanovic_3,0
Adrien_Brody_2,0,Erik_Morales_2,0
Evan_Rachel_Wood_3,0,Priscilla_Presley_2,0
Bob_Stoops_2,0,Richard_Tubb_1,0
Silvio_Berlusconi_1,0,Tony_Blair_3,0
Dino_Risi_1,0,Walter_Mondale_3,0
Damon_Dash_1,0,Eddie_Murray_2,0
Jennifer_Connelly_1,0,Salma_Hayek_2,0
Andy_Benes_2,0,David_Beckham_3,0
Jason_Alexander_3,0,Silvio_Berlusconi_1,0
Kenneth_Brill_2,0,Robin_McLaurin_Williams_3,0
Richard_Tubb_3,0,Shane_Hmiel_1,0
Kate_Lee_1,0,Kathie_Louise_Saunders_2,0
Jeffrey_Donaldson_1,0,Mack_Brown_3,0
Ismail_Merchant_3,0,Silvio_Berlusconi_3,0
Alberto_Sordi_2,0,Silvio_Berlusconi_3,0
Sandra_Bullock_2,0,Steffi_Graf_1,0
Theresa_May_1,0,Tippi_Hedren_1,0
Dianne_Feinstein_3,0,Tippi_Hedren_2,0
Dianne_Feinstein_3,0,Gloria_Allred_1,0
Jacques_Chirac_3,0,Silvio_Berlusconi_1,0
Dick_Clark_2,0,Howard_Dean_2,0
Jennifer_Connelly_1,0,Salma_Hayek_3,0
Juan_Ignacio_Chela_1,0,Prince_William_2,0
Jacques_Chirac_3,0,Nelson_Acosta_1,0
Charles_Schumer_3,0,Geoff_Hoon_3,0
Dick_Clark_2,0,Mario_Kreutzberger_3,0
Abdullah_Gul_1,0,Saddam_Hussein_2,0
Hayley_Tullett_2,0,Tatiana_Panova_1,0
Fatmir_Limaj_3,0,Paul_LeClerc_2,0
Dianne_Feinstein_3,0,Gloria_Allred_2,0
Lars_Burgsmuller_1,0,Yevgeny_Kafelnikov_2,0
Bode_Miller_2,0,Joe_Crede_1,0
Carolina_Barco_1,0,Ratna_Sari_Dewi_Sukarno_1,0
Gloria_Allred_3,0,Hanan_Ashrawi_2,0
Bob_Stoops_1,0,Joe_Strummer_3,0
Colin_Farrell_1,0,Erik_Morales_1,0
Howard_Dean_1,0,Richard_Shelby_1,0
Gloria_Allred_1,0,Theresa_May_3,0
Placido_Domingo_3,0,Zalmay_Khalilzad_3,0
Charles_Schumer_2,0,Olene_Walker_2,0
Melissa_Joan_Hart_3,0,Tippi_Hedren_3,0
Don_Flanagan_3,0,Yevgeny_Kafelnikov_2,0
Ben_Kingsley_1,0,Harry_Kalas_1,0
Andre_Agassi_1,0,Mehdi_Baala_1,0
Fatmir_Limaj_3,0,James_McGreevey_2,0
Evan_Rachel_Wood_2,0,Sarah_Hughes_1,0
Colin_Farrell_1,0,Erik_Morales_2,0
Joe_Crede_1,0,Peter_Bacanovic_1,0
Bryan_Murray_1,0,Terry_Hoeppner_1,0
Catherine_Bell_2,0,Jennifer_Connelly_1,0
Alberto_Sordi_2,0,Walter_Mondale_2,0
Harry_Kalas_2,0,Tom_DeLay_2,0
Carey_Lowell_3,0,Daryl_Hannah_3,0
Gunilla_Backman_2,0,Melissa_Joan_Hart_1,0
Andre_Agassi_2,0,Felipe_De_Borbon_1,0
Abdullah_Gul_3,0,Saddam_Hussein_2,0
Adrien_Brody_3,0,Erik_Morales_2,0
Evan_Rachel_Wood_2,0,Priscilla_Presley_1,0
Bob_Melvin_2,0,James_McGreevey_2,0
Bob_Stoops_1,0,Richard_Tubb_3,0
Damon_Dash_2,0,Eddie_Murray_1,0
Bode_Miller_1,0,Brandon_Webb_3,0
Richard_Tubb_1,0,Shane_Hmiel_2,0
Ismail_Merchant_1,0,Silvio_Berlusconi_3,0
Dino_Risi_1,0,Walter_Mondale_1,0
Theresa_May_3,0,Tippi_Hedren_1,0
David_Beckham_2,0,Xavier_Malisse_1,0
Dianne_Feinstein_2,0,Gloria_Allred_3,0
Antonio_Banderas_1,0,Steven_Seagal_3,0
Julien_Varlet_1,0,Keanu_Reeves_2,0
Paul_Wellstone_2,0,Samuel_Waksal_1,0
Anita_DeFrantz_2,0,Peter_Chan_1,0
Antonio_Catania_1,0,Stephen_Frears_1,0
Bridget_Fonda_1,0,Marie-Reine_Le_Gougne_1,0
Imran_Khan_3,0,Steven_Seagal_3,0
Jamie_King_3,0,Renee_Zellweger_2,0
Princess_Caroline_1,0,Samira_Makhmalbaf_3,0
Roberto_Canessa_3,0,Victor_Garber_1,0
Lee_Yuan-tseh_1,0,Wen_Jiabao_2,0
Mike_Brey_3,0,Paul_Wellstone_2,0
Rubens_Barrichello_3,0,Scott_McClellan_1,0
Joey_Harrington_2,0,Keanu_Reeves_3,0
Jose_Manuel_Durao_Barroso_3,0,Paul_McCartney_1,0
Katie_Smith_2,0,Torri_Edwards_2,0
Eric_Bana_3,0,Keanu_Reeves_3,0
Jerry_Springer_2,0,William_Perry_1,0
Carly_Fiorina_2,0,Judy_Genshaft_3,0
Jerry_Regier_2,0,Victor_Garber_2,0
Hana_Makhmalbaf_2,0,Samira_Makhmalbaf_3,0
Edwin_Edwards_1,0,Laurence_Tribe_2,0
Eduardo_Duhalde_1,0,Steve_Mariucci_3,0
Carly_Fiorina_3,0,Laura_Bush_2,0
Jim_Harrick_3,0,Joe_Torre_3,0
Oscar_De_La_Hoya_3,0,Shane_Warne_3,0
Edward_Egan_2,0,Ernie_Eves_2,0
Edwin_Edwards_1,0,Wesley_Clark_1,0
Anita_DeFrantz_1,0,Marianne_Stanley_3,0
Chea_Sophara_2,0,Chung_Mong-joon_2,0
Carly_Fiorina_2,0,Laura_Bush_2,0
Megawati_Sukarnoputri_1,0,Peter_Chan_2,0
King_Abdullah_II_1,0,Scott_Rudin_2,0
Marco_Antonio_Barrera_2,0,Yuri_Malenchenko_3,0
Aaron_Sorkin_1,0,Marco_Antonio_Barrera_2,0
Hisao_Oguchi_1,0,Oscar_De_La_Hoya_3,0
Martina_McBride_1,0,Princess_Caroline_2,0
Carly_Fiorina_3,0,Hillary_Clinton_1,0
Albert_Costa_3,0,Leland_Chapman_1,0
Jim_Harrick_3,0,Larry_Bowa_1,0
Hillary_Clinton_2,0,Renee_Zellweger_3,0
Matthew_Perry_1,0,Rubens_Barrichello_1,0
Carly_Fiorina_3,0,Hillary_Clinton_2,0
Donald_Regan_1,0,Eduardo_Duhalde_1,0
Paul_Wellstone_3,0,Samuel_Waksal_3,0
Biljana_Plavsic_2,0,Laura_Bush_2,0
Anita_DeFrantz_3,0,Peter_Chan_2,0
Antonio_Catania_3,0,Stephen_Frears_3,0
Chung_Mong-joon_3,0,Nobuyuki_Idei_2,0
Imran_Khan_1,0,Steven_Seagal_2,0
Jamie_King_3,0,Renee_Zellweger_1,0
Princess_Caroline_1,0,Samira_Makhmalbaf_1,0
Roberto_Canessa_3,0,Victor_Garber_2,0
Mike_Brey_3,0,Paul_Wellstone_1,0
Natalie_Coughlin_3,0,Torri_Edwards_3,0
Rubens_Barrichello_2,0,Scott_McClellan_2,0
Joey_Harrington_3,0,Keanu_Reeves_1,0
Jose_Manuel_Durao_Barroso_2,0,Paul_McCartney_3,0
Katie_Smith_2,0,Torri_Edwards_1,0
Eric_Bana_3,0,Keanu_Reeves_2,0
Mike_Sweeney_1,0,Rubens_Barrichello_3,0
Carly_Fiorina_3,0,Judy_Genshaft_3,0
Diane_Lane_1,0,Gisele_Bundchen_1,0
Jules_Asner_2,0,Princess_Caroline_1,0
Princess_Caroline_2,0,Samira_Makhmalbaf_1,0
Joey_Harrington_1,0,Oscar_De_La_Hoya_1,0
Jim_Harrick_3,0,Joe_Torre_1,0
Chance_Mock_1,0,Matthew_Perry_2,0
Hashim_Thaci_1,0,Marco_Antonio_Barrera_2,0
Chea_Sophara_3,0,Chung_Mong-joon_2,0
Marco_Antonio_Barrera_1,0,Yuri_Malenchenko_3,0
Colleen_Atwood_1,0,Marie-Reine_Le_Gougne_2,0
Bernard_Landry_1,0,John_Marburger_1,0
Hillary_Clinton_1,0,Jean_Carnahan_1,0
Hillary_Clinton_2,0,Renee_Zellweger_1,0
Matthew_Perry_2,0,Rubens_Barrichello_3,0
Carly_Fiorina_2,0,Hillary_Clinton_1,0
Antonio_Banderas_3,0,Steven_Seagal_2,0
Anita_DeFrantz_3,0,Peter_Chan_3,0
Bridget_Fonda_1,0,Martha_Stewart_1,0
Imran_Khan_2,0,Steven_Seagal_3,0
Jamie_King_1,0,Renee_Zellweger_3,0
Mike_Brey_1,0,Paul_Wellstone_1,0
Natalie_Coughlin_1,0,Torri_Edwards_1,0
JJ_Redick_2,0,Keanu_Reeves_2,0
Rubens_Barrichello_1,0,Scott_McClellan_1,0
Jiri_Novak_1,0,Martin_Brodeur_3,0
Joey_Harrington_2,0,Keanu_Reeves_1,0
Jose_Manuel_Durao_Barroso_1,0,Paul_McCartney_1,0
Katie_Smith_1,0,Torri_Edwards_2,0
Renee_Zellweger_1,0,Sheryl_Crow_1,0
Jerry_Regier_1,0,Victor_Garber_2,0
Albert_Costa_1,0,Marc-Andre_Fleury_3,0
Edwin_Edwards_2,0,Laurence_Tribe_2,0
Princess_Caroline_3,0,Samira_Makhmalbaf_3,0
Bill_Cartwright_1,0,Martin_Lawrence_1,0
Chung_Mong-joon_2,0,Stanley_Ho_2,0
Chea_Sophara_3,0,Chung_Mong-joon_1,0
Hisao_Oguchi_3,0,Oscar_De_La_Hoya_3,0
Jessica_Capshaw_3,0,Renee_Zellweger_2,0
Diane_Lane_1,0,Renee_Zellweger_3,0
Bridget_Fonda_1,0,Renee_Zellweger_3,0
Antonio_Banderas_3,0,Steven_Seagal_3,0
Biljana_Plavsic_3,0,Laura_Bush_2,0
Anita_DeFrantz_1,0,Peter_Chan_2,0
Martin_Brodeur_3,0,Todd_MacCulloch_3,0
Imran_Khan_2,0,Steven_Seagal_1,0
Julien_Varlet_1,0,Martin_Verkerk_2,0
Jamie_King_3,0,Renee_Zellweger_3,0
Roberto_Canessa_2,0,Victor_Garber_2,0
Mike_Brey_3,0,Paul_Wellstone_3,0
JJ_Redick_3,0,Keanu_Reeves_2,0
Rubens_Barrichello_3,0,Scott_McClellan_3,0
Joey_Harrington_2,0,Keanu_Reeves_2,0
Jose_Manuel_Durao_Barroso_3,0,Paul_McCartney_3,0
Katie_Smith_3,0,Torri_Edwards_2,0
Albert_Costa_1,0,Marc-Andre_Fleury_1,0
Hana_Makhmalbaf_1,0,Samira_Makhmalbaf_2,0
Edwin_Edwards_2,0,Laurence_Tribe_3,0
Hillary_Clinton_1,0,Judi_Dench_1,0
Jules_Asner_1,0,Princess_Caroline_1,0
Eduardo_Duhalde_1,0,Steve_Mariucci_1,0
Joey_Harrington_3,0,Oscar_De_La_Hoya_2,0
Bill_Cartwright_1,0,Martin_Lawrence_3,0
Oscar_De_La_Hoya_2,0,Shane_Warne_2,0
Barry_Switzer_1,0,Imran_Khan_1,0
Chance_Mock_1,0,Matthew_Perry_1,0
Edwin_Edwards_2,0,Wesley_Clark_1,0
Hashim_Thaci_2,0,Marco_Antonio_Barrera_2,0
Chung_Mong-joon_1,0,Stanley_Ho_2,0
Anita_DeFrantz_2,0,Marianne_Stanley_3,0
Chea_Sophara_2,0,Chung_Mong-joon_3,0
Megawati_Sukarnoputri_1,0,Peter_Chan_1,0
King_Abdullah_II_1,0,Scott_Rudin_1,0
Kay_Bailey_Hutchison_2,0,Laura_Bush_1,0
Eduardo_Duhalde_2,0,Larry_Bowa_1,0
Hisao_Oguchi_3,0,Oscar_De_La_Hoya_2,0
Colleen_Atwood_2,0,Marie-Reine_Le_Gougne_1,0
Bernard_Landry_2,0,John_Marburger_1,0
Albert_Costa_3,0,Leland_Chapman_3,0
Joe_Torre_1,0,Mike_Brey_3,0
Diane_Lane_1,0,Renee_Zellweger_2,0
Amy_Redford_1,0,Jessica_Lynch_3,0
Francisco_Flores_3,0,Michael_Winterbottom_2,0
Chen_Shui-bian_3,0,Lee_Tae-sik_2,0
John_Paul_II_1,0,Norman_Mailer_2,0
Tiago_Splitter_3,0,Tim_Henman_3,0
Clay_Aiken_2,0,Matt_Damon_1,0
Pete_Sampras_1,0,Raul_Gonzalez_1,0
Juan_Manuel_Marquez_3,0,Robbie_Williams_3,0
Heidi_Klum_3,0,Jaime_Pressly_2,0
John_Travolta_3,0,Rudy_Tomjanovich_2,0
Pete_Sampras_2,0,Robbie_Williams_3,0
Garry_Kasparov_3,0,Pete_Sampras_1,0
Carolyn_Dawn_Johnson_2,0,Paris_Hilton_2,0
Ethan_Hawke_1,0,Richard_Virenque_1,0
Cristina_Fernandez_3,0,Liza_Minnelli_2,0
Al_Pacino_1,0,Tom_Sizemore_1,0
Chakib_Khelil_1,0,Eddie_Sutton_3,0
Emily_Robison_3,0,Eva_Mendes_3,0
Amanda_Marsh_2,0,Heidi_Klum_3,0
Dennis_Erickson_3,0,Eddie_Sutton_1,0
Celine_Dion_3,0,Lisa_Marie_Presley_1,0
Daniel_Bruehl_1,0,Pierre_Boulanger_1,0
Cynthia_Rowley_2,0,Linda_Dano_2,0
John_Paul_II_3,0,Robert_Morvillo_2,0
Carlos_Barragan_2,0,Pete_Carroll_1,0
Agnelo_Queiroz_3,0,Fernando_Leon_de_Aranoa_1,0
Celine_Dion_1,0,Paula_Radcliffe_2,0
Juan_Manuel_Marquez_3,0,Pete_Sampras_1,0
Gaston_Gaudio_3,0,Pete_Sampras_3,0
Mitt_Romney_2,0,Rick_Carlisle_2,0
Kate_Hudson_3,0,Mariah_Carey_2,0
Al_Pacino_3,0,Fidel_Castro_1,0
Dan_Wheldon_1,0,Matt_Damon_2,0
Michael_Ballack_2,0,Richard_Virenque_1,0
Elizabeth_Hurley_2,0,Eva_Mendes_1,0
Andy_Roddick_3,0,Gaston_Gaudio_1,0
Carlos_Mesa_2,0,Severino_Antinori_3,0
Erin_Hershey_Presley_2,0,Madonna_2,0
Brian_Heidik_3,0,Matt_Damon_2,0
Claudia_Pechstein_2,0,Roseanne_Barr_3,0
Jaime_Pressly_2,0,Paris_Hilton_1,0
Dan_Wheldon_2,0,Richard_Virenque_1,0
Garry_Kasparov_2,0,Pete_Sampras_1,0
Anna_Nicole_Smith_1,0,Melanie_Griffith_3,0
Dave_Matthews_1,0,Juan_Manuel_Marquez_3,0
Clay_Aiken_3,0,Matt_Damon_3,0
Carlos_Barragan_3,0,Frank_Pallone_1,0
Juergen_Schrempp_3,0,Tom_Daschle_2,0
Asmaa_Assad_3,0,Brooke_Gordon_2,0
Dominik_Hrbaty_2,0,Pete_Sampras_3,0
German_Khan_3,0,Iban_Mayo_1,0
Damon_van_Dam_3,0,Rick_Wagoner_3,0
Danielle_Spencer_1,0,Jaime_Pressly_1,0
Clay_Aiken_2,0,Pierre_Boulanger_2,0
Carolyn_Dawn_Johnson_1,0,Kate_Hudson_2,0
Kate_Hudson_2,0,Paula_Radcliffe_3,0
John_Stallworth_1,0,Marion_Barry_1,0
Andy_Roddick_1,0,Richard_Virenque_1,0
Pete_Sampras_1,0,Robbie_Williams_2,0
Linda_Dano_1,0,Madonna_2,0
Linda_Dano_2,0,Liza_Minnelli_1,0
Heidi_Klum_3,0,Paris_Hilton_2,0
Tiago_Splitter_1,0,Tim_Henman_3,0
Pete_Sampras_3,0,Raul_Gonzalez_1,0
Michael_Ballack_2,0,Stephane_Rousseau_2,0
Latrell_Sprewell_2,0,Terence_Newman_1,0
John_Travolta_3,0,Rudy_Tomjanovich_1,0
Franko_Simatovic_3,0,Paul_Burrell_1,0
Heidi_Klum_1,0,Jaime_Pressly_2,0
Pete_Sampras_2,0,Robbie_Williams_1,0
Latrell_Sprewell_3,0,Lawrence_Roberts_2,0
Carolyn_Dawn_Johnson_2,0,Paris_Hilton_1,0
Ethan_Hawke_3,0,Richard_Virenque_2,0
Cristina_Fernandez_3,0,Liza_Minnelli_1,0
Al_Pacino_3,0,Tom_Sizemore_3,0
Madonna_2,0,Sarah_Jessica_Parker_2,0
Iban_Mayo_1,0,Richard_Virenque_1,0
Dennis_Erickson_1,0,Eddie_Sutton_1,0
Juan_Manuel_Marquez_2,0,Richard_Virenque_1,0
John_Travolta_2,0,Paul_Reiser_1,0
Daniel_Bruehl_2,0,Pierre_Boulanger_1,0
Dennis_Erickson_3,0,Ricardo_Maduro_2,0
Carlos_Barragan_1,0,Pete_Carroll_2,0
Adolfo_Aguilar_Zinser_1,0,Lew_Rywin_2,0
Elizabeth_Hurley_1,0,Linda_Dano_2,0
Tom_Daschle_2,0,William_Hurt_2,0
Jorge_Arce_2,0,Tayshaun_Prince_3,0
Gaston_Gaudio_1,0,Pete_Sampras_1,0
Mitt_Romney_3,0,Rick_Carlisle_1,0
Kate_Hudson_3,0,Mariah_Carey_1,0
Dan_Wheldon_2,0,Matt_Damon_1,0
Alex_Ferguson_3,0,Brook_Robinson_1,0
Pete_Sampras_3,0,Richard_Virenque_2,0
Carlos_Mesa_2,0,Severino_Antinori_2,0
Brian_Heidik_1,0,Matt_Damon_2,0
Claudia_Pechstein_3,0,Roseanne_Barr_3,0
Emelie_Loit_1,0,Gaston_Gaudio_3,0
Jaime_Pressly_2,0,Paris_Hilton_3,0
Dominik_Hrbaty_2,0,Iban_Mayo_3,0
Dan_Wheldon_1,0,Richard_Virenque_1,0
Anna_Nicole_Smith_1,0,Melanie_Griffith_1,0
Carlos_Barragan_3,0,Frank_Pallone_3,0
Kate_Hudson_1,0,Madonna_2,0
Asmaa_Assad_1,0,Brooke_Gordon_3,0
Dominik_Hrbaty_2,0,Pete_Sampras_2,0
Damon_van_Dam_1,0,Rick_Wagoner_3,0
Jean-Pierre_Raffarin_1,0,Joschka_Fischer_2,0
Danielle_Spencer_2,0,Jaime_Pressly_1,0
Clay_Aiken_1,0,Pierre_Boulanger_2,0
Heidi_Klum_3,0,Kate_Hudson_1,0
Carolyn_Dawn_Johnson_3,0,Kate_Hudson_3,0
Kate_Hudson_3,0,Paula_Radcliffe_3,0
Richard_Virenque_2,0,Robbie_Williams_2,0
Francisco_Flores_1,0,Michael_Winterbottom_1,0
Pete_Sampras_1,0,Robbie_Williams_1,0
Chen_Shui-bian_2,0,Lee_Tae-sik_1,0
Heidi_Klum_3,0,Paris_Hilton_1,0
Jean-Claude_Van_Damme_2,0,John_Travolta_3,0
Linda_Dano_2,0,Madonna_2,0
Tiago_Splitter_1,0,Tim_Henman_1,0
Augusto_Roa_Bastos_3,0,Franko_Simatovic_3,0
Abdoulaye_Wade_2,0,Marion_Barry_1,0
Al_Pacino_2,0,Bob_Dole_2,0
Clay_Aiken_1,0,Matt_Damon_2,0
Pete_Sampras_2,0,Raul_Gonzalez_3,0
Heidi_Klum_3,0,Jaime_Pressly_1,0
John_Travolta_1,0,Rudy_Tomjanovich_2,0
Heidi_Klum_1,0,Jaime_Pressly_3,0
Linda_Dano_1,0,Liza_Minnelli_1,0
John_Paul_II_1,0,Norman_Mailer_1,0
Carolyn_Dawn_Johnson_1,0,Paris_Hilton_2,0
Al_Pacino_2,0,Tom_Sizemore_3,0
Chakib_Khelil_1,0,Eddie_Sutton_2,0
Emily_Robison_1,0,Eva_Mendes_3,0
Amanda_Marsh_3,0,Heidi_Klum_3,0
Madonna_1,0,Sarah_Jessica_Parker_1,0
Iban_Mayo_1,0,Richard_Virenque_2,0
Celine_Dion_2,0,Lisa_Marie_Presley_2,0
John_Travolta_3,0,Paul_Reiser_2,0
Daniel_Bruehl_2,0,Pierre_Boulanger_2,0
Kajsa_Bergqvist_2,0,Paula_Radcliffe_3,0
Dennis_Erickson_1,0,Ricardo_Maduro_1,0
Carlos_Barragan_2,0,Pete_Carroll_2,0
Kate_Hudson_1,0,Sarah_Jessica_Parker_1,0
Kajsa_Bergqvist_3,0,Paula_Radcliffe_2,0
Celine_Dion_2,0,Paula_Radcliffe_2,0
Brook_Robinson_3,0,Max_Mosley_3,0
Joschka_Fischer_1,0,Lew_Rywin_3,0
Jorge_Arce_2,0,Tayshaun_Prince_1,0
Mitt_Romney_1,0,Rick_Carlisle_1,0
Kate_Hudson_1,0,Mariah_Carey_1,0
Al_Pacino_2,0,Fidel_Castro_1,0
Alex_Ferguson_1,0,Brook_Robinson_1,0
Andy_Roddick_3,0,Gaston_Gaudio_3,0
Carlos_Mesa_2,0,Severino_Antinori_1,0
Brian_Heidik_2,0,Matt_Damon_3,0
Claudia_Pechstein_2,0,Roseanne_Barr_2,0
Jaime_Pressly_3,0,Paris_Hilton_3,0
Dominik_Hrbaty_1,0,Iban_Mayo_1,0
Mike_Price_3,0,Ronald_Harwood_1,0
Frank_Pallone_3,0,Tom_Daschle_1,0
Carlos_Barragan_1,0,Frank_Pallone_1,0
Asmaa_Assad_2,0,Brooke_Gordon_2,0
Dominik_Hrbaty_1,0,Pete_Sampras_3,0
Danielle_Spencer_1,0,Jaime_Pressly_2,0
Clay_Aiken_2,0,Pierre_Boulanger_1,0
Heidi_Klum_1,0,Kate_Hudson_3,0
Carolyn_Dawn_Johnson_2,0,Kate_Hudson_3,0
John_Stallworth_1,0,Marion_Barry_3,0
Arif_Mardin_1,0,Wes_Craven_3,0
Joschka_Fischer_2,0,Lew_Rywin_2,0
Michael_Ballack_2,0,Pierre_Boulanger_1,0
Richard_Virenque_2,0,Robbie_Williams_3,0
Chen_Shui-bian_1,0,Lee_Tae-sik_2,0
Eddie_Lucio_2,0,Pierre_Lacroix_1,0
Heidi_Klum_1,0,Paris_Hilton_3,0
Jean-Claude_Van_Damme_2,0,John_Travolta_2,0
Tiago_Splitter_2,0,Tim_Henman_2,0
John_Paul_II_1,0,Robert_Morvillo_1,0
Pete_Sampras_1,0,Raul_Gonzalez_2,0
Juan_Manuel_Marquez_1,0,Robbie_Williams_2,0
John_Travolta_2,0,Rudy_Tomjanovich_1,0
Franko_Simatovic_1,0,Paul_Burrell_1,0
Latrell_Sprewell_1,0,Lawrence_Roberts_1,0
Anna_Nicole_Smith_1,0,Heidi_Klum_1,0
Alex_Wallau_1,0,Rick_Wagoner_2,0
Carolyn_Dawn_Johnson_1,0,Paris_Hilton_3,0
Max_Mosley_3,0,Rainer_Gut_3,0
Al_Pacino_3,0,Tom_Sizemore_1,0
Prince_Willem-Alexander_2,0,Zoran_Djindjic_1,0
Juan_Manuel_Marquez_3,0,Richard_Virenque_1,0
Liv_Tyler_2,0,Sylvie_Guillem_1,0
Art_Howe_2,0,Richard_Crenna_3,0
Ben_Affleck_3,0,Fabricio_Oberto_1,0
Bob_Huggins_2,0,Richard_Myers_2,0
Carla_Del_Ponte_1,0,David_Stern_1,0
Chuck_Amato_1,0,Eli_Stutsman_1,0
Ajit_Agarkar_1,0,Mark_Cuban_3,0
David_Nalbandian_2,0,Richard_Myers_1,0
Gina_Gershon_2,0,Isabelle_Huppert_2,0
Akbar_Al_Baker_3,0,Dan_Guerrero_2,0
Ben_Affleck_3,0,Fabricio_Oberto_3,0
Cristina_Kirchner_3,0,Gianna_Angelopoulos-Daskalaki_1,0
Stanley_Tong_1,0,Takashi_Sorimachi_1,0
Aitor_Gonzalez_1,0,Steve_Park_2,0
Claire_Danes_1,0,Isabelle_Huppert_2,0
Barry_Collier_1,0,Richard_Myers_2,0
Gary_Condit_2,0,Jeff_Bridges_2,0
Jan-Michael_Gambill_1,0,Robby_Ginepri_1,0
Grady_Irvin_Jr_1,0,Jalen_Rose_1,0
Alanna_Ubach_3,0,Cindy_Crawford_1,0
Carlton_Dotson_2,0,Tiger_Woods_2,0
Emmanuel_Milingo_2,0,Trevor_McDonald_1,0
Conan_OBrien_1,0,Richard_Gere_1,0
Bob_Huggins_3,0,Marty_Mornhinweg_1,0
Alfred_Sant_3,0,Patrick_Stewart_1,0
Charlotte_Rampling_1,0,Isabelle_Huppert_3,0
Mike_Myers_3,0,Rob_Lowe_3,0
Carmen_Electra_2,0,Susie_Castillo_2,0
Carmen_Electra_2,0,Liv_Tyler_3,0
Johnny_Benson_3,0,Marty_Mornhinweg_1,0
Alfredo_Moreno_1,0,Josh_Childress_3,0
Richard_Myers_3,0,Rick_Romley_3,0
Aitor_Gonzalez_3,0,Landon_Donovan_2,0
Arsinee_Khanjian_1,0,Sila_Calderon_2,0
Aitor_Gonzalez_1,0,Sebastian_Saja_1,0
Liv_Tyler_3,0,Sylvie_Guillem_2,0
Corinna_Harfouch_1,0,Laura_Linney_1,0
Conchita_Martinez_2,0,Stephanie_Cohen_Aloro_1,0
Adrian_Annus_2,0,Gil_de_Ferran_1,0
Chuck_Amato_3,0,Eli_Stutsman_2,0
Ajit_Agarkar_3,0,Mark_Cuban_3,0
Cass_Ballenger_2,0,Patrick_Leahy_1,0
David_Nalbandian_1,0,Richard_Myers_1,0
Akbar_Al_Baker_1,0,Dan_Guerrero_2,0
Cristina_Kirchner_2,0,Gianna_Angelopoulos-Daskalaki_3,0
Stanley_Tong_2,0,Takashi_Sorimachi_1,0
Claire_Danes_1,0,Isabelle_Huppert_1,0
Ben_Affleck_2,0,Joe_Gatti_1,0
Jean-Marc_de_La_Sabliere_1,0,Peter_Camejo_3,0
David_Nalbandian_2,0,Rolandas_Paksas_3,0
Cindy_Crawford_2,0,Claire_Danes_1,0
Alanna_Ubach_1,0,Cindy_Crawford_3,0
Claudio_Lopez_1,0,Jean-Francois_Pontal_1,0
Ben_Affleck_3,0,Ben_Broussard_1,0
Dario_Camuffo_1,0,Omar_Sharif_2,0
David_Hyde_Pierce_3,0,Paul_Bettany_1,0
Alfred_Sant_2,0,Francis_Mer_3,0
Ana_Guevara_1,0,Ian_Thorpe_3,0
Ari_Fleischer_1,0,David_Hyde_Pierce_2,0
Ian_Moran_1,0,Terje_Roed-Larsen_2,0
Aitor_Gonzalez_3,0,Landon_Donovan_1,0
Bob_Huggins_1,0,Richard_Myers_1,0
Ajit_Agarkar_3,0,Mark_Cuban_1,0
David_Nalbandian_2,0,Richard_Myers_3,0
Fabricio_Oberto_1,0,Robby_Ginepri_1,0
Claire_Danes_2,0,Isabelle_Huppert_3,0
Grady_Irvin_Jr_1,0,Jalen_Rose_2,0
Alanna_Ubach_2,0,Cindy_Crawford_3,0
Claudio_Lopez_2,0,Jean-Francois_Pontal_3,0
Derrick_Battie_1,0,Jalen_Rose_1,0
Robert_Nillson_2,0,Rob_Lowe_3,0
Bud_Selig_1,0,David_Hyde_Pierce_2,0
Emmanuel_Milingo_2,0,Trevor_McDonald_3,0
Charlotte_Rampling_1,0,Isabelle_Huppert_1,0
David_Hyde_Pierce_1,0,Paul_Bettany_3,0
Beatrice_Dalle_2,0,Cindy_Crawford_2,0
Arianna_Huffington_2,0,Mary_Elizabeth_Mastrantonio_3,0
Johnny_Benson_1,0,Marty_Mornhinweg_3,0
Isabelle_Huppert_1,0,Laura_Linney_3,0
Ari_Fleischer_1,0,David_Hyde_Pierce_3,0
Richard_Myers_1,0,Rick_Romley_1,0
Carla_Del_Ponte_3,0,David_Hyde_Pierce_2,0
Arsinee_Khanjian_1,0,Sila_Calderon_1,0
Aitor_Gonzalez_2,0,Sebastian_Saja_2,0
Liv_Tyler_3,0,Sylvie_Guillem_1,0
John_Fox_3,0,Richard_Myers_2,0
Cindy_Crawford_1,0,Vanessa_Incontrada_2,0
Corinna_Harfouch_1,0,Laura_Linney_2,0
Bob_Huggins_1,0,Richard_Myers_2,0
Carla_Del_Ponte_3,0,David_Stern_3,0
Carla_Del_Ponte_3,0,Ruth_Christofferson_3,0
Alanna_Ubach_2,0,Cindy_Crawford_1,0
Carlton_Dotson_1,0,Tiger_Woods_1,0
Bridgette_Wilson-Sampras_1,0,Laura_Linney_1,0
Erin_Runnion_1,0,Sylvie_Guillem_2,0
Hermann_Maier_1,0,Hunter_Kemper_3,0
Alfred_Sant_2,0,Patrick_Stewart_2,0
Gil_de_Ferran_3,0,Mike_Myers_3,0
Carmen_Electra_3,0,Claire_Danes_1,0
Peter_Hillary_2,0,Richard_Myers_3,0
Charlotte_Rampling_2,0,Sila_Calderon_3,0
Carmen_Electra_3,0,Susie_Castillo_2,0
Beatrice_Dalle_2,0,Cindy_Crawford_1,0
Arianna_Huffington_1,0,Mary_Elizabeth_Mastrantonio_2,0
Isabelle_Huppert_1,0,Laura_Linney_2,0
Ben_Affleck_3,0,Rob_Niedermayer_2,0
Harry_Schmidt_3,0,Rob_Niedermayer_1,0
Ian_Moran_2,0,Terje_Roed-Larsen_1,0
Michael_Phelps_1,0,Sebastian_Saja_1,0
Patrick_McEnroe_1,0,Robby_Ginepri_3,0
Ben_Affleck_2,0,Ian_Thorpe_3,0
Carla_Del_Ponte_3,0,David_Hyde_Pierce_1,0
Aitor_Gonzalez_3,0,Sebastian_Saja_2,0
Art_Howe_3,0,Richard_Crenna_1,0
Bob_Huggins_1,0,Richard_Myers_3,0
Santiago_Botero_1,0,Tom_Brady_3,0
Stanley_Tong_3,0,Takashi_Sorimachi_1,0
Aitor_Gonzalez_2,0,Steve_Park_2,0
Barry_Collier_1,0,John_Fox_3,0
Gary_Condit_1,0,Jeff_Bridges_1,0
Alfred_Sant_1,0,Francis_Mer_1,0
Claudio_Lopez_2,0,Jean-Francois_Pontal_1,0
Carlton_Dotson_3,0,Tiger_Woods_2,0
Robert_Nillson_1,0,Rob_Lowe_1,0
Paul_Brandt_2,0,Stanley_Tong_1,0
Bridgette_Wilson-Sampras_2,0,Laura_Linney_2,0
Bud_Selig_2,0,David_Hyde_Pierce_3,0
Ben_Affleck_2,0,Ben_Broussard_1,0
Conan_OBrien_1,0,Richard_Gere_2,0
Dario_Camuffo_2,0,Omar_Sharif_2,0
David_Nalbandian_2,0,Hunter_Kemper_3,0
Arsinee_Khanjian_2,0,Sila_Calderon_3,0
Carla_Del_Ponte_3,0,Prince_Claus_1,0
Carmen_Electra_1,0,Claire_Danes_1,0
David_Hyde_Pierce_3,0,Paul_Bettany_3,0
Carmen_Electra_3,0,Susie_Castillo_1,0
Arianna_Huffington_1,0,Mary_Elizabeth_Mastrantonio_1,0
Ari_Fleischer_1,0,David_Hyde_Pierce_1,0
Patrick_McEnroe_3,0,Robby_Ginepri_1,0
Ben_Affleck_3,0,Ian_Thorpe_3,0
Aitor_Gonzalez_2,0,Sebastian_Saja_3,0
Barry_Collier_2,0,Rick_Romley_2,0
Ben_Affleck_1,0,Fabricio_Oberto_3,0
Bob_Huggins_3,0,Richard_Myers_3,0
Adrian_Annus_1,0,Gil_de_Ferran_1,0
Ajit_Agarkar_2,0,Mark_Cuban_2,0
David_Nalbandian_1,0,Richard_Myers_3,0
Gina_Gershon_2,0,Isabelle_Huppert_3,0
Akbar_Al_Baker_1,0,Dan_Guerrero_1,0
Aitor_Gonzalez_1,0,Steve_Park_1,0
Claire_Danes_2,0,Isabelle_Huppert_2,0
Liv_Tyler_1,0,Vanessa_Incontrada_2,0
Grady_Irvin_Jr_2,0,Jalen_Rose_3,0
Claudio_Lopez_1,0,Jean-Francois_Pontal_2,0
Bud_Selig_2,0,David_Hyde_Pierce_1,0
Ben_Affleck_2,0,Gil_de_Ferran_3,0
Dario_Camuffo_2,0,Omar_Sharif_3,0
David_Hyde_Pierce_2,0,Paul_Bettany_3,0
Cindy_Crawford_2,0,Susie_Castillo_1,0
Carmen_Electra_3,0,Liv_Tyler_3,0
Arianna_Huffington_2,0,Mary_Elizabeth_Mastrantonio_2,0
Eddie_Jordan_2,0,Jamir_Miller_1,0
Isabelle_Huppert_2,0,Laura_Linney_1,0
Harry_Schmidt_1,0,Rob_Niedermayer_2,0
Ian_Moran_1,0,Terje_Roed-Larsen_1,0
Aitor_Gonzalez_1,0,Landon_Donovan_1,0
Ben_Affleck_3,0,Ian_Thorpe_1,0
Cindy_Crawford_2,0,Vanessa_Incontrada_1,0
Cindy_Crawford_2,0,Vanessa_Incontrada_2,0
Bob_Huggins_3,0,Richard_Myers_1,0
Adrian_Annus_2,0,Gil_de_Ferran_3,0
Cass_Ballenger_1,0,Patrick_Leahy_1,0
David_Nalbandian_2,0,Richard_Myers_2,0
Akbar_Al_Baker_3,0,Dan_Guerrero_3,0
Fabricio_Oberto_3,0,Robby_Ginepri_1,0
Cristina_Kirchner_1,0,Gianna_Angelopoulos-Daskalaki_1,0
Gary_Condit_1,0,Jeff_Bridges_2,0
Cindy_Crawford_1,0,Claire_Danes_1,0
Alanna_Ubach_3,0,Cindy_Crawford_3,0
Claudio_Lopez_3,0,Jean-Francois_Pontal_3,0
Robert_Nillson_1,0,Rob_Lowe_3,0
Barry_Collier_2,0,Richard_Myers_2,0
Bud_Selig_2,0,David_Hyde_Pierce_2,0
Erin_Runnion_2,0,Sylvie_Guillem_2,0
Ben_Affleck_2,0,Gil_de_Ferran_2,0
Dario_Camuffo_2,0,Omar_Sharif_1,0
David_Nalbandian_2,0,Hunter_Kemper_1,0
Carla_Del_Ponte_3,0,Prince_Claus_2,0
Carmen_Electra_1,0,Liv_Tyler_2,0
Johnny_Benson_2,0,Marty_Mornhinweg_3,0
Richard_Myers_2,0,Rick_Romley_3,0
Ian_Moran_3,0,Terje_Roed-Larsen_1,0
Liv_Tyler_2,0,Sylvie_Guillem_3,0
Claire_Danes_1,0,Uma_Thurman_2,0
Adrian_Annus_3,0,Gil_de_Ferran_2,0
Cristina_Kirchner_2,0,Gianna_Angelopoulos-Daskalaki_2,0
Gilles_Panizzi_1,0,Hunter_Kemper_3,0
Aitor_Gonzalez_3,0,Steve_Park_2,0
Ben_Affleck_3,0,Joe_Gatti_3,0
Carla_Del_Ponte_3,0,Ruth_Christofferson_2,0
Alanna_Ubach_1,0,Cindy_Crawford_2,0
Ben_Affleck_1,0,Joe_Gatti_2,0
Elton_John_3,0,Roberto_Robaina_2,0
James_Baker_3,0,John_Reid_3,0
Monica_Lewinsky_3,0,Samantha_Daniels_3,0
Scott_Peterson_3,0,Steve_Karsay_1,0
Chris_Cookson_1,0,Jean-David_Levitte_1,0
Juan_Roman_Riquelme_3,0,Parthiv_Patel_2,0
Mehmet_Okur_1,0,Roberto_Robaina_2,0
Brent_Coles_3,0,Elton_John_1,0
Condoleezza_Rice_2,0,Toni_Braxton_3,0
Mike_Tice_3,0,Roger_Federer_1,0
Aaron_Peirsol_1,0,Steve_Valentine_3,0
Condoleezza_Rice_1,0,Rosario_Dawson_1,0
Gerhard_Schroeder_1,0,Leszek_Miller_3,0
Lawrence_Di_Rita_1,0,Scott_Peterson_2,0
John_Reid_3,0,Orrin_Hatch_1,0
Ahmed_Chalabi_3,0,Leszek_Miller_1,0
Neri_Marcore_3,0,Sean_Penn_1,0
Aaron_Peirsol_2,0,Heath_Ledger_2,0
Imre_Kertasz_2,0,James_Baker_1,0
Randy_Travis_3,0,Yann_Martel_3,0
Melissa_Stark_1,0,Winona_Ryder_1,0
Costas_Simitis_1,0,Roy_Williams_2,0
Michael_Caine_2,0,William_Bulger_1,0
Costas_Simitis_1,0,Gerhard_Schroeder_3,0
Petro_Symonenko_2,0,Yashwant_Sinha_1,0
Juan_Francisco_Palencia_3,0,Mariano_Zabaleta_3,0
Dean_Barkley_2,0,Mikhail_Kasyanov_1,0
James_Baker_3,0,William_Bulger_1,0
Diana_Krall_2,0,Lauren_Killian_2,0
Christine_Ebersole_1,0,Nancy_Reagan_1,0
Gary_Sayler_2,0,Jean-David_Levitte_2,0
Ellen_Barkin_2,0,Julia_Tymoshenko_2,0
Costas_Simitis_3,0,Jean-David_Levitte_3,0
Alexander_Losyukov_2,0,Xanana_Gusmao_2,0
Parthiv_Patel_3,0,Scott_Peterson_3,0
Mehmet_Okur_2,0,Neri_Marcore_2,0
Jane_Kaczmarek_2,0,Monica_Lewinsky_2,0
Denis_Coderre_1,0,Elton_John_1,0
Megan_Mullally_3,0,Melissa_Stark_3,0
Aishwarya_Rai_2,0,Fran_Drescher_2,0
Jacqueline_Gold_3,0,Sasha_Alexander_3,0
Dominique_de_Villepin_1,0,Tom_Smothers_2,0
Diana_Krall_2,0,Natasha_McElhone_2,0
Guillermo_Canas_1,0,Wally_Szczerbiak_3,0
Jennette_Bradley_2,0,Rosario_Dawson_1,0
Frank_Murkowski_3,0,William_Bulger_2,0
Aaron_Peirsol_1,0,Mark_Richt_2,0
Buddy_Ryan_1,0,Hans_Blix_3,0
Julia_Tymoshenko_2,0,Winona_Ryder_2,0
Jeff_Van_Gundy_2,0,Peter_Arnett_1,0
Brett_Hull_3,0,Dominique_de_Villepin_2,0
Emma_Watson_3,0,Winona_Ryder_2,0
Dean_Barkley_2,0,Gerhard_Schroeder_1,0
Don_Siegelman_1,0,Michael_J_Sheehan_1,0
Don_Siegelman_3,0,Gerhard_Schroeder_1,0
Lawrence_Di_Rita_1,0,Scott_Peterson_3,0
Cyndi_Thompson_2,0,Rosie_Perez_3,0
Dinah_Turner_1,0,Winona_Ryder_2,0
Cyndi_Thompson_2,0,Megan_Mullally_3,0
Condoleezza_Rice_2,0,Toni_Braxton_2,0
Chris_Cookson_3,0,Jean-David_Levitte_1,0
Juan_Roman_Riquelme_2,0,Parthiv_Patel_1,0
Mehmet_Okur_2,0,Roberto_Robaina_1,0
Brent_Coles_3,0,Elton_John_3,0
Christine_Ebersole_1,0,Sherri_Coale_3,0
Padraig_Harrington_1,0,Parthiv_Patel_3,0
Benicio_Del_Toro_2,0,Sheila_Taormina_3,0
Hans_Blix_3,0,LK_Advani_3,0
Mike_Tice_3,0,Roger_Federer_3,0
Aaron_Peirsol_2,0,Steve_Valentine_1,0
Gerhard_Schroeder_3,0,Leszek_Miller_1,0
Condoleezza_Rice_3,0,Rosario_Dawson_1,0
Fran_Drescher_3,0,Sasha_Alexander_3,0
Gerhard_Schroeder_1,0,Leszek_Miller_2,0
Donald_Pettit_1,0,Sean_Penn_3,0
Padraig_Harrington_1,0,Ricky_Ponting_1,0
Diana_Krall_1,0,Natasha_McElhone_1,0
Giuseppe_Gibilisco_3,0,Mariano_Zabaleta_3,0
Neri_Marcore_2,0,Sean_Penn_3,0
Anton_Balasingham_1,0,Malcolm_Jamal_Warner_2,0
Randy_Travis_3,0,Yann_Martel_2,0
Costas_Simitis_3,0,Roy_Williams_2,0
Juan_Francisco_Palencia_3,0,Mariano_Zabaleta_2,0
Dean_Barkley_3,0,Mikhail_Kasyanov_2,0
Ahmed_Chalabi_3,0,James_Baker_1,0
James_Baker_1,0,William_Bulger_2,0
Gerhard_Schroeder_3,0,Robert_Stack_1,0
Nan_Wang_1,0,Taufik_Hidayat_3,0
Gary_Sayler_1,0,Jean-David_Levitte_2,0
Butch_Davis_2,0,Howard_Wilkinson_2,0
Buddy_Ryan_1,0,Hans_Blix_1,0
Billy_Crystal_2,0,Kenneth_Bowersox_1,0
Parthiv_Patel_2,0,Scott_Peterson_3,0
Bill_Paxton_1,0,Gerard_Depardieu_3,0
Mehmet_Okur_1,0,Neri_Marcore_3,0
Michael_Milton_1,0,William_Bulger_1,0
Jane_Kaczmarek_1,0,Monica_Lewinsky_2,0
Aaron_Peirsol_2,0,Jim_Furyk_2,0
Denis_Coderre_1,0,Elton_John_3,0
Monica_Lewinsky_3,0,Samantha_Daniels_2,0
Maurice_Cheeks_1,0,Yashwant_Sinha_3,0
Doug_Collins_3,0,Roy_Williams_1,0
Megan_Mullally_1,0,Melissa_Stark_3,0
Jacqueline_Gold_1,0,Sasha_Alexander_2,0
Bruce_Willis_3,0,Kevin_Borseth_1,0
Ramon_Delgado_2,0,Wally_Szczerbiak_1,0
Dominique_de_Villepin_3,0,Tom_Smothers_2,0
Michael_Caine_1,0,William_Bulger_1,0
Mehmet_Okur_1,0,Scott_Peterson_3,0
Butch_Davis_3,0,Lon_Kruger_1,0
Frank_Murkowski_2,0,William_Bulger_2,0
Scott_Peterson_2,0,Steve_Backley_1,0
Aaron_Peirsol_2,0,Mark_Richt_1,0
Prince_Charles_1,0,Roger_Mahony_3,0
Cyndi_Thompson_2,0,Samantha_Daniels_2,0
Brett_Hull_1,0,Dominique_de_Villepin_1,0
Emma_Watson_1,0,Winona_Ryder_3,0
Dean_Barkley_1,0,Gerhard_Schroeder_3,0
Anton_Balasingham_2,0,Rudolph_Holton_1,0
John_Madden_1,0,William_Bulger_2,0
Lawrence_Di_Rita_2,0,Scott_Peterson_3,0
Dinah_Turner_2,0,Winona_Ryder_2,0
Cyndi_Thompson_1,0,Megan_Mullally_1,0
Elton_John_3,0,Roberto_Robaina_1,0
James_Baker_3,0,John_Reid_1,0
Butch_Davis_3,0,Lon_Kruger_2,0
Inocencio_Arias_2,0,Tassos_Papadopoulos_3,0
Jim_Furyk_2,0,Sebastien_Grosjean_1,0
Scott_Peterson_2,0,Steve_Karsay_1,0
Alejandro_Toledo_1,0,Ismael_Miranda_3,0
Anton_Balasingham_1,0,Mahmoud_Abbas_1,0
Juan_Roman_Riquelme_1,0,Parthiv_Patel_3,0
Benicio_Del_Toro_3,0,Sheila_Taormina_2,0
Hans_Blix_1,0,LK_Advani_2,0
Aaron_Peirsol_2,0,Steve_Valentine_3,0
Condoleezza_Rice_3,0,Rosario_Dawson_3,0
Gerhard_Schroeder_3,0,Leszek_Miller_2,0
Kevin_Borseth_1,0,Neil_Moritz_1,0
Diana_Krall_2,0,Natasha_McElhone_3,0
Carol_Burnett_1,0,Noelle_Bush_1,0
Neri_Marcore_1,0,Sean_Penn_1,0
Piers_Sellers_2,0,Yann_Martel_1,0
Craig_MacTavish_2,0,Dominique_de_Villepin_1,0
Randy_Travis_1,0,Yann_Martel_3,0
Melissa_Stark_1,0,Winona_Ryder_2,0
Brian_Cowen_2,0,Chris_Cookson_1,0
Michael_Caine_3,0,William_Bulger_1,0
Costas_Simitis_3,0,Gerhard_Schroeder_3,0
Juan_Francisco_Palencia_3,0,Mariano_Zabaleta_1,0
Diana_Krall_1,0,Lauren_Killian_1,0
Gerhard_Schroeder_1,0,Robert_Stack_3,0
Gary_Sayler_1,0,Jean-David_Levitte_3,0
John_Warner_1,0,Michael_Caine_3,0
Butch_Davis_3,0,Howard_Wilkinson_3,0
Kenneth_Bowersox_1,0,Peter_Greenspun_1,0
Alexander_Losyukov_1,0,Xanana_Gusmao_2,0
Parthiv_Patel_3,0,Scott_Peterson_2,0
Mehmet_Okur_3,0,Neri_Marcore_3,0
Jane_Kaczmarek_1,0,Monica_Lewinsky_3,0
Denis_Coderre_2,0,Elton_John_1,0
Maurice_Cheeks_3,0,Yashwant_Sinha_3,0
Lili_Taylor_1,0,Rosie_Perez_3,0
Megan_Mullally_2,0,Melissa_Stark_1,0
Jacqueline_Gold_1,0,Sasha_Alexander_1,0
Ramon_Delgado_3,0,Wally_Szczerbiak_2,0
Cyndi_Thompson_1,0,Sasha_Alexander_1,0
Dominique_de_Villepin_2,0,Tom_Smothers_3,0
Mariano_Zabaleta_3,0,Ramon_Delgado_1,0
Diana_Krall_2,0,Natasha_McElhone_1,0
Guillermo_Canas_2,0,Wally_Szczerbiak_1,0
Mehmet_Okur_1,0,Scott_Peterson_2,0
Cyndi_Thompson_2,0,Sasha_Alexander_3,0
Hal_McCoy_1,0,Michael_Caine_2,0
Brett_Hull_1,0,Dominique_de_Villepin_2,0
Dean_Barkley_3,0,Gerhard_Schroeder_2,0
John_Madden_1,0,William_Bulger_1,0
James_Baker_1,0,John_Reid_3,0
Jim_Furyk_1,0,Padraig_Harrington_1,0
Gerhard_Schroeder_1,0,Yashwant_Sinha_1,0
Anthony_LaPaglia_3,0,Steve_Pagliuca_1,0
Luis_Gonzalez_1,0,Pablo_Latras_1,0
Donald_Rumsfeld_2,0,Glen_Sather_1,0
Heizo_Takenaka_2,0,Roh_Moo-hyun_1,0
Gwendal_Peizerat_1,0,Joe_Nichols_2,0
Frederique_van_der_Wal_2,0,Robin_Wright_Penn_1,0
Heizo_Takenaka_3,0,Shinzo_Abe_2,0
Brenda_Magana_2,0,Hannah_Stockbauer_3,0
Darin_Erstad_1,0,Matt_Anderson_3,0
Jean_Chretien_2,0,Jerry_Jones_2,0
Daniel_Coats_3,0,John_Abizaid_2,0
Billy_Beane_3,0,Steve_Lavin_1,0
Billy_Beane_1,0,Steve_Pagliuca_2,0
Stanley_McChrystal_3,0,Terry_Stotts_1,0
Eric_Lloyd_3,0,Yana_Klochkova_3,0
Jose_Dirceu_3,0,Steve_Fehr_3,0
Kelly_Clarkson_1,0,Marissa_Jaret_Winokur_3,0
Alan_Mulally_2,0,Donald_Carty_3,0
Carolina_Kluft_1,0,Marta_Dominguz_3,0
Anthony_LaPaglia_3,0,John_Abizaid_2,0
Gwendal_Peizerat_1,0,Luke_Ridnour_1,0
Igor_Ivanov_2,0,Jean_Chretien_2,0
Clara_Harris_1,0,Gloria_Macapagal_Arroyo_2,0
Jean_Chretien_2,0,Joe_Cocker_3,0
Laurent_Gbagbo_2,0,Lionel_Hampton_3,0
Holly_Hunter_3,0,Kyra_Sedgwick_2,0
Gary_Forsee_3,0,Ronald_Reagan_1,0
Catriona_Le_May_Doan_2,0,Courtney_Love_1,0
Gary_Forsee_1,0,Sergio_Vieira_De_Mello_3,0
Courtney_Love_1,0,Frances_Fisher_1,0
Clara_Harris_2,0,Leslie_Caldwell_2,0
Guillermo_Ortiz_3,0,Paul_Shanley_2,0
Arlen_Specter_2,0,Strom_Thurmond_1,0
Eric_Hinske_1,0,Lance_Bass_2,0
Michael_Schumacher_1,0,Phil_Mickelson_3,0
Ahmed_Qureia_1,0,Rupert_Murdoch_2,0
Donald_Carty_1,0,Paul_Shanley_2,0
Frederique_van_der_Wal_1,0,Robin_Wright_Penn_3,0
Frank_Griswold_3,0,Glen_Sather_3,0
Brenda_Magana_3,0,Hannah_Stockbauer_1,0
Daniel_Day-Lewis_1,0,Warren_Beatty_2,0
Daniel_Coats_2,0,John_Abizaid_3,0
Juergen_Braehmer_1,0,Stanley_McChrystal_3,0
Billy_Beane_2,0,Steve_Lavin_1,0
Billy_Beane_2,0,Steve_Pagliuca_3,0
Eric_Lloyd_1,0,Yana_Klochkova_1,0
Debra_Messing_1,0,Vanessa_Williams_1,0
Jose_Dirceu_3,0,Steve_Fehr_2,0
Igor_Ivanov_3,0,Jean_Chretien_2,0
Bill_Byrne_1,0,Donald_Rumsfeld_2,0
Arlen_Specter_2,0,Shimon_Peres_2,0
Laurent_Gbagbo_2,0,Lionel_Hampton_2,0
Hugh_Hefner_3,0,Theo_Angelopoulos_1,0
Daniel_Day-Lewis_1,0,John_Abizaid_1,0
Michel_Temer_2,0,Moshe_Katsav_1,0
Sam_Mendes_1,0,Tom_Hanks_1,0
James_Kopp_3,0,Mesut_Yilmaz_1,0
Joe_Nichols_2,0,Steve_Pagliuca_1,0
Shannon_OBrien_2,0,Teri_Garr_2,0
Elvis_Stojko_3,0,John_Mayer_2,0
Eric_Hinske_1,0,Lance_Bass_1,0
Heizo_Takenaka_1,0,Shinzo_Abe_2,0
John_Mayer_3,0,Sourav_Ganguly_3,0
Bill_Byrne_2,0,Donald_Rumsfeld_1,0
Donald_Carty_3,0,Paul_Shanley_2,0
Jose_Sarney_1,0,Luis_Gonzalez_Macchi_1,0
Alex_Cabrera_1,0,Mark_Philippoussis_1,0
Frederique_van_der_Wal_2,0,Robin_Wright_Penn_2,0
Stefan_Koubek_1,0,Vladimir_Putin_2,0
Roh_Moo-hyun_2,0,Saburo_Kawabuchi_1,0
Brenda_Magana_2,0,Hannah_Stockbauer_1,0
Daniel_Day-Lewis_1,0,Warren_Beatty_1,0
Billy_Beane_1,0,Steve_Lavin_3,0
Billy_Beane_2,0,Steve_Pagliuca_2,0
Cheryl_Hines_2,0,Kyra_Sedgwick_2,0
Pablo_Latras_1,0,Shane_Reynolds_1,0
Debra_Messing_3,0,Vanessa_Williams_1,0
Igor_Ivanov_3,0,Mark_Geragos_1,0
Donald_Carty_3,0,Guillermo_Ortiz_2,0
Angela_Merkel_1,0,Teri_Garr_2,0
Gary_Forsee_3,0,Ronald_Reagan_2,0
Carson_Palmer_3,0,Michael_Schumacher_2,0
Gary_Forsee_3,0,Sergio_Vieira_De_Mello_1,0
Catherine_Deneuve_2,0,Kathryn_Grayson_3,0
Anthony_LaPaglia_3,0,Steve_Pagliuca_3,0
John_Mayer_3,0,Sourav_Ganguly_2,0
Clara_Harris_2,0,Coretta_Scott_King_3,0
Bill_Curry_2,0,Gustavo_Franco_1,0
Heizo_Takenaka_1,0,Roh_Moo-hyun_1,0
Daniel_Coats_2,0,Dick_Latessa_3,0
Gwendal_Peizerat_1,0,Joe_Nichols_3,0
Stefan_Koubek_1,0,Vladimir_Putin_3,0
Frank_Griswold_2,0,Glen_Sather_3,0
Brenda_Magana_1,0,Hannah_Stockbauer_2,0
Daniel_Day-Lewis_3,0,Warren_Beatty_2,0
Billy_Beane_3,0,Steve_Pagliuca_3,0
Stanley_McChrystal_1,0,Terry_Stotts_3,0
Debra_Messing_3,0,Vanessa_Williams_2,0
Jose_Dirceu_1,0,Steve_Fehr_3,0
Alan_Mulally_1,0,Donald_Carty_3,0
Kirsten_Dunst_3,0,Nancy_Sinatra_1,0
Laurent_Gbagbo_1,0,Lionel_Hampton_3,0
Donald_Carty_1,0,Guillermo_Ortiz_2,0
Angela_Merkel_2,0,Teri_Garr_1,0
James_Kopp_3,0,Jan_Peter_Balkenende_1,0
Michel_Temer_1,0,Moshe_Katsav_2,0
Holly_Hunter_1,0,Kyra_Sedgwick_1,0
Edward_Lu_3,0,Jacky_Cheung_1,0
Bill_Sizemore_2,0,Markus_Naslund_1,0
Catherine_Deneuve_2,0,Holly_Hunter_1,0
Gary_Forsee_2,0,Sergio_Vieira_De_Mello_3,0
Catherine_Deneuve_3,0,Kathryn_Grayson_3,0
Clara_Harris_1,0,Leslie_Caldwell_2,0
Anthony_LaPaglia_2,0,Steve_Pagliuca_3,0
Joe_Nichols_2,0,Steve_Pagliuca_2,0
John_Mayer_2,0,Sourav_Ganguly_1,0
Anthony_LaPaglia_1,0,John_Abizaid_1,0
Donald_Rumsfeld_2,0,Glen_Sather_2,0
Bill_Curry_2,0,Gustavo_Franco_3,0
Igor_Ivanov_3,0,Luis_Gonzalez_Macchi_3,0
Daniel_Coats_3,0,Dick_Latessa_2,0
Angela_Merkel_2,0,Martha_Lucia_Ramirez_2,0
Edward_Lu_2,0,Li_Zhaoxing_1,0
Brenda_Magana_1,0,Hannah_Stockbauer_3,0
Darin_Erstad_1,0,Matt_Anderson_2,0
Daniel_Day-Lewis_2,0,Warren_Beatty_3,0
Jason_Mewes_3,0,Joe_Nichols_2,0
Billy_Beane_2,0,Steve_Lavin_3,0
Billy_Beane_1,0,Steve_Pagliuca_3,0
Adam_Scott_1,0,Shane_Reynolds_1,0
Kelly_Clarkson_1,0,Marissa_Jaret_Winokur_1,0
Kirsten_Dunst_2,0,Nancy_Sinatra_1,0
Clara_Harris_2,0,Gloria_Macapagal_Arroyo_1,0
Arlen_Specter_3,0,Shimon_Peres_2,0
Donald_Carty_1,0,Guillermo_Ortiz_1,0
James_Kopp_2,0,Jan_Peter_Balkenende_2,0
Daniel_Day-Lewis_2,0,John_Abizaid_1,0
James_Kopp_2,0,Mesut_Yilmaz_2,0
Joe_Nichols_3,0,Steve_Pagliuca_3,0
Catherine_Deneuve_2,0,Holly_Hunter_2,0
Gary_Forsee_2,0,Sergio_Vieira_De_Mello_2,0
Shannon_OBrien_1,0,Teri_Garr_1,0
Anthony_LaPaglia_2,0,Steve_Pagliuca_2,0
John_Mayer_2,0,Sourav_Ganguly_3,0
Donald_Rumsfeld_1,0,Glen_Sather_2,0
Heizo_Takenaka_3,0,Roh_Moo-hyun_1,0
Daniel_Coats_2,0,Dick_Latessa_2,0
Jose_Sarney_1,0,Luis_Gonzalez_Macchi_3,0
Frederique_van_der_Wal_2,0,Robin_Wright_Penn_3,0
Stefan_Koubek_1,0,Vladimir_Putin_1,0
Brenda_Magana_3,0,Hannah_Stockbauer_2,0
Jean_Chretien_1,0,Jerry_Jones_1,0
Catriona_Le_May_Doan_2,0,Marta_Dominguz_1,0
Billy_Beane_1,0,Steve_Pagliuca_1,0
Stanley_McChrystal_1,0,Terry_Stotts_1,0
Eric_Lloyd_2,0,Yana_Klochkova_1,0
John_Mayer_2,0,Mark_Philippoussis_1,0
Kelly_Clarkson_2,0,Marissa_Jaret_Winokur_3,0
Kofi_Annan_1,0,Laurent_Gbagbo_2,0
Clara_Harris_1,0,Gloria_Macapagal_Arroyo_1,0
Jean_Chretien_1,0,Joe_Cocker_3,0
Raymond_Odierno_3,0,Steve_Redgrave_1,0
Amanda_Beard_3,0,Sarah_Michelle_Gellar_1,0
Alessandro_Nesta_3,0,Filippo_Inzaghi_3,0
Max_Baucus_2,0,Patrice_Chereau_1,0
John_Kerry_1,0,Robert_Redford_1,0
Bartosz_Kizierowski_1,0,Mike_Bryan_1,0
Patrice_Chereau_1,0,Tim_Robbins_2,0
Ed_Book_1,0,Steve_Nash_3,0
Kirk_Johnson_1,0,Shane_Mosley_3,0
Doug_Racine_3,0,John_Kerry_2,0
Lucio_Gutierrez_3,0,Yossi_Beilin_3,0
Horst_Koehler_2,0,Michael_Leavitt_3,0
Johnnie_Lynn_1,0,Shane_Mosley_3,0
Fernando_Gonzalez_1,0,Nicolas_Massu_1,0
Jean_Charest_2,0,Michael_Chiklis_2,0
Luke_Walton_3,0,Mike_Bryan_3,0
Michael_Douglas_1,0,Steve_Spurrier_3,0
Francis_George_2,0,Pascal_Quignard_3,0
Kurt_Russell_1,0,Sebastian_Porto_1,0
Jay_Garner_3,0,William_Rehnquist_1,0
Cameron_Diaz_3,0,Sarah_Michelle_Gellar_1,0
Doug_Racine_1,0,Robert_Redford_2,0
Robinson_Stevenin_3,0,Tim_Robbins_3,0
Brian_Schneider_1,0,Thomas_Bjorn_3,0
Julianne_Moore_3,0,Stella_McCartney_2,0
Bernard_Lord_2,0,Emanuel_Ginobili_1,0
Jeff_Bzdelik_1,0,Steve_Nash_3,0
Cliff_Ellis_3,0,Franz_Muentefering_2,0
Sebastian_Porto_1,0,Tim_Robbins_1,0
Kathryn_Morris_2,0,Nicole_Hiltz_3,0
Billy_Andrade_3,0,Hal_Sutton_1,0
Serena_Williams_1,0,Venus_Williams_3,0
Michael_Chiklis_2,0,Raymond_Odierno_2,0
Aleksander_Kwasniewski_3,0,Harland_Braun_1,0
Jong_Wook_Lee_2,0,Lee_Hoi-chang_2,0
Johnnie_Lynn_1,0,Shane_Mosley_1,0
Justine_Pasek_1,0,Sofia_Milos_1,0
Franz_Beckenbauer_3,0,Lawrence_MacAulay_2,0
Paula_Abdul_1,0,Sadie_Frost_1,0
Cameron_Diaz_2,0,Sarah_Michelle_Gellar_1,0
Lawrence_MacAulay_2,0,Martin_McGuinness_1,0
Calista_Flockhart_1,0,Stella_McCartney_3,0
Marat_Safin_3,0,Mark_Redman_1,0
Calista_Flockhart_1,0,Cameron_Diaz_3,0
Justin_Timberlake_1,0,Mark_Redman_1,0
Kurt_Russell_2,0,Tim_Robbins_1,0
Jerry_Sloan_2,0,John_Kerry_2,0
Howard_Schultz_3,0,Steve_Waugh_3,0
Demetrius_Ferraciu_1,0,Emanuel_Ginobili_2,0
Michael_Leavitt_3,0,Robert_Redford_2,0
Guillermo_Coria_2,0,Thomas_Bjorn_1,0
Julianne_Moore_3,0,Nancy_Pelosi_2,0
Olivia_Newton-John_1,0,Suzanne_Somers_1,0
Rick_Caruso_1,0,Tom_Craddick_1,0
Julie_Goodenough_2,0,Nia_Vardalos_3,0
Howard_Schultz_1,0,Sebastian_Cuattrin_3,0
Raymond_Odierno_2,0,Steve_Redgrave_3,0
Amanda_Beard_1,0,Sarah_Michelle_Gellar_1,0
Emanuel_Ginobili_2,0,Richard_Krajicek_1,0
Larry_Coker_2,0,Robert_Duvall_2,0
John_Kerry_1,0,Robert_Redford_2,0
Luke_Walton_2,0,Mike_Bryan_3,0
Bartosz_Kizierowski_1,0,Mike_Bryan_2,0
Patrice_Chereau_3,0,Tim_Robbins_3,0
Justine_Pasek_1,0,Mary_Bono_3,0
Ed_Book_1,0,Steve_Nash_2,0
Kirk_Johnson_1,0,Shane_Mosley_1,0
Doug_Racine_3,0,John_Kerry_3,0
Horst_Koehler_1,0,Michael_Leavitt_2,0
Johnnie_Lynn_3,0,Shane_Mosley_1,0
Kirk_Johnson_3,0,Serena_Williams_2,0
Serena_Williams_1,0,Venus_Williams_1,0
Bruce_Springsteen_1,0,Robert_Redford_1,0
Doug_Racine_3,0,Robert_Redford_1,0
Robinson_Stevenin_3,0,Tim_Robbins_2,0
John_Elway_2,0,Mike_Montgomery_1,0
Julianne_Moore_2,0,Stella_McCartney_2,0
Nikki_Reed_3,0,Paula_Abdul_1,0
Bernard_Lord_1,0,Emanuel_Ginobili_3,0
Calista_Flockhart_1,0,Julianne_Moore_3,0
Jeff_Bzdelik_3,0,Steve_Nash_1,0
Charlene_Barshefsky_1,0,Nia_Vardalos_1,0
Sebastian_Porto_3,0,Tim_Robbins_1,0
Franz_Beckenbauer_3,0,Pascal_Quignard_3,0
Marat_Safin_1,0,Richard_Krajicek_3,0
Billy_Andrade_1,0,Hal_Sutton_1,0
Michael_Chiklis_2,0,Raymond_Odierno_3,0
Jong_Wook_Lee_2,0,Lee_Hoi-chang_3,0
Justine_Pasek_1,0,Sofia_Milos_3,0
Cliff_Ellis_1,0,Pedro_Malan_3,0
Jorge_Enrique_Jimenez_1,0,Martin_McGuinness_3,0
Kirk_Johnson_2,0,Shane_Mosley_3,0
Lawrence_MacAulay_2,0,Martin_McGuinness_2,0
Calista_Flockhart_1,0,Stella_McCartney_2,0
Calista_Flockhart_2,0,Cameron_Diaz_2,0
Luke_Walton_1,0,Richard_Krajicek_2,0
Kurt_Russell_1,0,Tim_Robbins_1,0
Calista_Flockhart_1,0,Kathryn_Morris_1,0
Jerry_Sloan_3,0,John_Kerry_3,0
Robert_Redford_1,0,Steve_Spurrier_1,0
Chuck_Hagel_1,0,Robert_Duvall_3,0
Cameron_Diaz_2,0,Nicole_Hiltz_1,0
Guillermo_Coria_1,0,Thomas_Bjorn_3,0
Gerald_Ford_2,0,Jean_Charest_1,0
Julianne_Moore_2,0,Nancy_Pelosi_3,0
Jose_Luis_Santiago_Vasconcelos_2,0,Munir_Akram_3,0
Rick_Caruso_3,0,Tom_Craddick_1,0
Danny_Glover_2,0,Patrick_Ewing_1,0
Emanuel_Ginobili_1,0,Richard_Krajicek_3,0
Larry_Coker_1,0,Robert_Duvall_1,0
Alessandro_Nesta_3,0,Filippo_Inzaghi_2,0
John_Kerry_3,0,Robert_Redford_1,0
Justine_Pasek_1,0,Paula_Abdul_1,0
Ben_Wallace_2,0,Kirk_Johnson_2,0
Bartosz_Kizierowski_3,0,Mike_Bryan_1,0
Patrice_Chereau_1,0,Tim_Robbins_1,0
Ed_Book_2,0,Steve_Nash_2,0
Doug_Racine_1,0,John_Kerry_1,0
Lucio_Gutierrez_3,0,Yossi_Beilin_1,0
Horst_Koehler_3,0,Michael_Leavitt_2,0
Mike_Montgomery_2,0,Robert_Redford_2,0
Jong_Wook_Lee_2,0,Kim_Dae-jung_1,0
Luke_Walton_1,0,Mike_Bryan_3,0
Michael_Douglas_1,0,Steve_Spurrier_1,0
Marat_Safin_3,0,Richard_Krajicek_2,0
Kirk_Johnson_1,0,Serena_Williams_1,0
Colin_Montgomerie_2,0,Max_Baucus_3,0
Doug_Racine_3,0,Robert_Redford_3,0
Larry_Coker_1,0,Sven_Goran_Eriksson_1,0
Robinson_Stevenin_2,0,Tim_Robbins_3,0
Katie_Couric_1,0,Olivia_Newton-John_1,0
Doug_Racine_2,0,Jerry_Sloan_3,0
John_Elway_3,0,Mike_Montgomery_2,0
Brian_Schneider_3,0,Thomas_Bjorn_1,0
Bernard_Lord_1,0,Emanuel_Ginobili_1,0
Jeff_Bzdelik_2,0,Steve_Nash_1,0
Colin_Montgomerie_3,0,Hal_Sutton_2,0
Cliff_Ellis_3,0,Franz_Muentefering_1,0
Michael_Chiklis_2,0,Raymond_Odierno_1,0
Gonzalo_Sanchez_de_Lozada_1,0,Jay_Garner_2,0
Jean_Charest_2,0,Michael_Douglas_1,0
Calista_Flockhart_2,0,Cameron_Diaz_1,0
Justine_Pasek_1,0,Sofia_Milos_2,0
Kirk_Johnson_2,0,Shane_Mosley_2,0
Lawrence_MacAulay_1,0,Martin_McGuinness_3,0
Calista_Flockhart_2,0,Stella_McCartney_3,0
Lucio_Gutierrez_2,0,Munir_Akram_1,0
Edward_Seaga_3,0,Francis_George_2,0
Nicole_Hiltz_1,0,Olivia_Newton-John_1,0
Aleksander_Kwasniewski_1,0,Jean_Charest_2,0
Jean_Charest_1,0,Michael_Douglas_1,0
Jerry_Sloan_1,0,John_Kerry_2,0
Calista_Flockhart_1,0,Kathryn_Morris_3,0
Robert_Redford_3,0,Steve_Spurrier_3,0
Cameron_Diaz_2,0,Nicole_Hiltz_2,0
Edward_Seaga_2,0,Jean-Claude_Trichet_1,0
Guillermo_Coria_3,0,Thomas_Bjorn_2,0
Gerald_Ford_2,0,Jean_Charest_2,0
Julianne_Moore_3,0,Olivia_Newton-John_1,0
Jose_Luis_Santiago_Vasconcelos_1,0,Munir_Akram_1,0
Rick_Caruso_1,0,Tom_Craddick_3,0
Julie_Goodenough_1,0,Nia_Vardalos_1,0
Howard_Schultz_1,0,Sebastian_Cuattrin_1,0
Amanda_Beard_1,0,Sarah_Michelle_Gellar_3,0
Fernando_Gonzalez_3,0,Jim_Edmonds_3,0
Alessandro_Nesta_1,0,Filippo_Inzaghi_1,0
Max_Baucus_3,0,Patrice_Chereau_3,0
John_Kerry_1,0,Robert_Redford_3,0
Ben_Wallace_1,0,Kirk_Johnson_2,0
Patrice_Chereau_1,0,Tim_Robbins_3,0
Jerry_Sloan_2,0,Steve_Spurrier_1,0
Kirk_Johnson_1,0,Shane_Mosley_2,0
Doug_Racine_2,0,John_Kerry_3,0
Horst_Koehler_2,0,Michael_Leavitt_1,0
Mike_Montgomery_1,0,Robert_Redford_3,0
Fernando_Gonzalez_1,0,Nicolas_Massu_2,0
LeBron_James_1,0,Shane_Mosley_3,0
Jean_Charest_1,0,Michael_Chiklis_2,0
Luke_Walton_3,0,Mike_Bryan_2,0
Doug_Racine_2,0,Robert_Redford_2,0
Alessandro_Nesta_1,0,Stuart_Townsend_1,0
Robinson_Stevenin_2,0,Tim_Robbins_1,0
Doug_Racine_3,0,Jerry_Sloan_2,0
Brian_Schneider_1,0,Thomas_Bjorn_1,0
Hamid_Karzai_3,0,Javier_Solana_3,0
Bernard_Lord_3,0,Emanuel_Ginobili_3,0
Jeff_Bzdelik_3,0,Steve_Nash_2,0
Colin_Montgomerie_3,0,Hal_Sutton_1,0
Charlene_Barshefsky_2,0,Nia_Vardalos_1,0
Cliff_Ellis_1,0,Franz_Muentefering_2,0
Olivia_Newton-John_1,0,Sarah_Michelle_Gellar_3,0
Marat_Safin_2,0,Richard_Krajicek_3,0
Kathryn_Morris_3,0,Nicole_Hiltz_3,0
Justine_Pasek_1,0,Sadie_Frost_2,0
Michael_Chiklis_1,0,Raymond_Odierno_2,0
Aleksander_Kwasniewski_1,0,Harland_Braun_2,0
Franz_Beckenbauer_1,0,Lawrence_MacAulay_1,0
Cameron_Diaz_3,0,Sarah_Michelle_Gellar_3,0
Cliff_Ellis_3,0,Pedro_Malan_1,0
Kirk_Johnson_2,0,Shane_Mosley_1,0
Lawrence_MacAulay_3,0,Martin_McGuinness_1,0
Chistian_Stahl_3,0,Zeljko_Rebraca_2,0
Lino_Oviedo_3,0,Mel_Brooks_1,0
Alvaro_Uribe_3,0,Rudolph_Giuliani_3,0
Anthony_Ervin_3,0,Luis_Fonsi_2,0
Henk_Bekedam_1,0,Michael_Moore_1,0
Cedric_Benson_1,0,Tracy_McGrady_1,0
Joan_Collins_1,0,Sophia_Loren_1,0
Peter_Costello_3,0,Ralph_Klein_1,0
James_Ivory_2,0,Peter_Greenaway_3,0
John_Allen_Muhammad_3,0,Oscar_Elias_Biscet_2,0
Alvaro_Uribe_2,0,Tony_Clement_3,0
Eminem_1,0,Shaun_Pollock_1,0
Christopher_Patten_2,0,James_Ivory_1,0
Mary_Steenburgen_2,0,Patricia_Clarkson_3,0
John_Allen_Muhammad_1,0,Tracy_McGrady_2,0
Christopher_Patten_1,0,Gary_Sinise_1,0
Hugh_Grant_2,0,Percy_Gibson_2,0
Alvaro_Uribe_3,0,Tony_Shalhoub_1,0
Christine_Gregoire_1,0,Maggie_Smith_3,0
Alastair_Campbell_3,0,Oswaldo_Paya_2,0
Irina_Lobacheva_2,0,Kristin_Chenoweth_2,0
Jan_Ullrich_1,0,Sean_Astin_3,0
Ken_Kutaragi_1,0,Yang_Jianli_2,0
Jane_Pauley_1,0,Joanna_Poitier_3,0
Alvaro_Uribe_2,0,Herb_Sendek_3,0
Eliane_Karp_1,0,Marisa_Tomei_2,0
Goldie_Hawn_2,0,Natasha_Henstridge_1,0
Cate_Blanchett_1,0,Mary_Steenburgen_3,0
John_Tyson_3,0,Klaus_Zwickel_1,0
Alvaro_Uribe_2,0,Andrew_Weissmann_1,0
Ralph_Klein_2,0,Tony_Shalhoub_1,0
Jane_Menelaus_2,0,Jo_Dee_Messina_1,0
Erika_Harold_3,0,Sophia_Loren_1,0
Chistian_Stahl_3,0,Zeljko_Rebraca_3,0
Jan_Ullrich_1,0,Paul_Johnson_1,0
Anibal_Ibarra_2,0,Mauricio_Pochetino_1,0
Alvaro_Uribe_2,0,Rudolph_Giuliani_3,0
Anthony_Ervin_3,0,Luis_Fonsi_1,0
Anibal_Ibarra_2,0,Tony_LaRussa_2,0
Bijan_Darvish_1,0,Zydrunas_Ilgauskas_1,0
Goran_Persson_1,0,Joseph_Deiss_3,0
Peter_Costello_2,0,Ralph_Klein_1,0
Cate_Blanchett_3,0,Nathalie_Baye_2,0
Jane_Menelaus_2,0,Sophia_Loren_1,0
Erika_Harold_3,0,Michelle_Pfeiffer_1,0
Katrin_Cartlidge_1,0,Patricia_Clarkson_3,0
Jan_Ullrich_1,0,Steven_Curtis_Chapman_1,0
Andrew_Weissmann_1,0,Patrick_Roy_3,0
Irina_Lobacheva_1,0,Kristin_Chenoweth_1,0
Paul-Henri_Mathieu_3,0,Zeljko_Rebraca_2,0
Eliane_Karp_1,0,Michelle_Pfeiffer_3,0
Jerry_Hall_2,0,Patricia_Clarkson_2,0
Jane_Pauley_2,0,Joanna_Poitier_3,0
George_Harrison_1,0,Jack_Straw_2,0
Goldie_Hawn_3,0,Natasha_Henstridge_1,0
Cate_Blanchett_3,0,Gwyneth_Paltrow_2,0
Eliane_Karp_1,0,Erika_Harold_2,0
Mian_Khursheed_Mehmood_Kasuri_2,0,Ranil_Wickremasinghe_1,0
Alvaro_Uribe_3,0,Andrew_Weissmann_1,0
Asa_Hutchinson_3,0,Thomas_Fargo_1,0
Jane_Menelaus_2,0,Jo_Dee_Messina_2,0
Chistian_Stahl_3,0,Zeljko_Rebraca_1,0
Jan_Ullrich_3,0,Paul_Johnson_2,0
Cate_Blanchett_3,0,Kate_Capshaw_1,0
Alvaro_Silva_Calderon_1,0,James_Traficant_3,0
Henk_Bekedam_3,0,Michael_Moore_1,0
Anibal_Ibarra_2,0,Tony_LaRussa_1,0
Joanna_Poitier_3,0,Joan_Collins_3,0
Asa_Hutchinson_3,0,Thomas_Fargo_3,0
Cedric_Benson_3,0,Tracy_McGrady_1,0
Goran_Persson_2,0,Joseph_Deiss_3,0
John_Allen_Muhammad_3,0,Oscar_Elias_Biscet_1,0
Cate_Blanchett_3,0,Nathalie_Baye_1,0
Dolly_Parton_1,0,Jerry_Hall_3,0
Makiko_Tanaka_1,0,Princess_Masako_3,0
Mian_Khursheed_Mehmood_Kasuri_1,0,Shaukat_Aziz_2,0
Christopher_Patten_2,0,Gary_Sinise_3,0
Elena_Bovina_3,0,Kristen_Breitweiser_1,0
Lynne_Cheney_2,0,Maggie_Smith_1,0
Alvaro_Uribe_3,0,Tony_Shalhoub_3,0
Gwyneth_Paltrow_2,0,Michelle_Pfeiffer_1,0
Andrew_Weissmann_3,0,Patrick_Roy_1,0
Irina_Lobacheva_3,0,Kristin_Chenoweth_2,0
Jane_Menelaus_2,0,Kate_Capshaw_1,0
Paul-Henri_Mathieu_3,0,Zeljko_Rebraca_3,0
George_Harrison_1,0,Jack_Straw_3,0
Alvaro_Uribe_2,0,Herb_Sendek_1,0
Cate_Blanchett_3,0,Mary_Steenburgen_3,0
John_Howard_2,0,Norbert_van_Heyst_1,0
Mian_Khursheed_Mehmood_Kasuri_2,0,Ranil_Wickremasinghe_3,0
Larry_Brown_1,0,Rudolph_Giuliani_3,0
Eliane_Karp_3,0,Jane_Pauley_2,0
Alicia_Witt_1,0,Nathalie_Baye_2,0
Franco_Frattini_1,0,Lubomir_Zaoralek_2,0
Anibal_Ibarra_3,0,Mauricio_Pochetino_2,0
Kate_Capshaw_1,0,Rachel_Griffiths_1,0
Alvaro_Uribe_1,0,Rudolph_Giuliani_3,0
Anthony_Ervin_2,0,Luis_Fonsi_3,0
Michelle_Pfeiffer_3,0,Natasha_Henstridge_1,0
Alvaro_Silva_Calderon_1,0,James_Traficant_2,0
Asa_Hutchinson_2,0,Thomas_Fargo_1,0
James_Ivory_1,0,Peter_Greenaway_1,0
Cate_Blanchett_1,0,Nathalie_Baye_2,0
Erika_Harold_2,0,Michelle_Pfeiffer_3,0
Alvaro_Uribe_3,0,Tony_Clement_2,0
Christine_Gregoire_3,0,Lynne_Cheney_2,0
Georgi_Parvanov_1,0,Oswaldo_Paya_1,0
Christopher_Patten_1,0,James_Ivory_2,0
Jo_Dee_Messina_3,0,Natasha_Henstridge_1,0
Christopher_Patten_3,0,Gary_Sinise_3,0
Alastair_Campbell_1,0,Oswaldo_Paya_2,0
Jan_Ullrich_2,0,Steven_Curtis_Chapman_1,0
Irina_Lobacheva_3,0,Kristin_Chenoweth_3,0
Paul-Henri_Mathieu_1,0,Zeljko_Rebraca_3,0
Eliane_Karp_3,0,Michelle_Pfeiffer_3,0
Jerry_Hall_3,0,Patricia_Clarkson_2,0
Jane_Pauley_2,0,Joanna_Poitier_1,0
Goldie_Hawn_3,0,Gwyneth_Paltrow_2,0
Alvaro_Uribe_1,0,Herb_Sendek_2,0
John_Howard_1,0,Rudolph_Giuliani_3,0
Cate_Blanchett_1,0,Mary_Steenburgen_1,0
John_Tyson_1,0,Klaus_Zwickel_1,0
John_Howard_1,0,Norbert_van_Heyst_1,0
Ralph_Klein_1,0,Tony_Shalhoub_1,0
Dolly_Parton_1,0,Joanna_Poitier_2,0
Chistian_Stahl_1,0,Zeljko_Rebraca_1,0
Jan_Ullrich_2,0,Paul_Johnson_2,0
Anibal_Ibarra_2,0,Mauricio_Pochetino_3,0
Michel_Therrien_2,0,Sean_Astin_1,0
Ernie_Els_1,0,Jimmy_Gobble_1,0
Anibal_Ibarra_3,0,Tony_LaRussa_2,0
Alvaro_Uribe_1,0,Rudolph_Giuliani_1,0
Ben_Howland_2,0,Thomas_Fargo_2,0
Goran_Persson_1,0,Joseph_Deiss_1,0
Peter_Costello_3,0,Ralph_Klein_2,0
Alan_Greenspan_1,0,Alvaro_Silva_Calderon_1,0
Jane_Menelaus_1,0,Sophia_Loren_1,0
Dolly_Parton_1,0,Goldie_Hawn_2,0
Alvaro_Uribe_1,0,Tony_Clement_1,0
Jo_Dee_Messina_2,0,Natasha_Henstridge_1,0
Christine_Gregoire_1,0,Maggie_Smith_1,0
Alastair_Campbell_3,0,Oswaldo_Paya_3,0
Jan_Ullrich_2,0,Sean_Astin_2,0
Paul-Henri_Mathieu_2,0,Zeljko_Rebraca_1,0
Ken_Kutaragi_1,0,Yang_Jianli_3,0
Larry_Campbell_1,0,Uzi_Even_2,0
Alvaro_Uribe_1,0,Herb_Sendek_1,0
Alvaro_Uribe_2,0,Andrew_Weissmann_3,0
Joseph_Deiss_2,0,Rudolph_Giuliani_3,0
Kathryn_Bigelow_2,0,Sophia_Loren_1,0
Jan_Ullrich_3,0,Paul_Johnson_3,0
Anibal_Ibarra_3,0,Mauricio_Pochetino_3,0
Alvaro_Uribe_1,0,Rudolph_Giuliani_2,0
Anthony_Ervin_3,0,Luis_Fonsi_3,0
Lynne_Cheney_2,0,Nathalie_Baye_2,0
Ernie_Els_2,0,Jimmy_Gobble_1,0
Anibal_Ibarra_1,0,Tony_LaRussa_2,0
Bijan_Darvish_1,0,Zydrunas_Ilgauskas_2,0
Joanna_Poitier_1,0,Joan_Collins_2,0
Keith_Osik_1,0,Paul_Byrd_1,0
Alvaro_Uribe_2,0,Rudolph_Giuliani_2,0
Goran_Persson_2,0,Joseph_Deiss_2,0
Peter_Costello_2,0,Ralph_Klein_2,0
Bo_Ryan_1,0,Michael_Bloomberg_3,0
Halle_Berry_1,0,Jennifer_Lopez_1,0
Graeme_Lloyd_1,0,Romain_Duris_3,0
Joan_Laporta_1,0,Pierce_Brosnan_2,0
Anastasia_Kelesidou_1,0,Brendan_Hansen_1,0
Gordon_Campbell_1,0,Jay_Rasulo_1,0
Kareena_Kapoor_2,0,Rani_Mukherjee_1,0
Kurt_Schottenheimer_1,0,Michael_Bloomberg_1,0
Joan_Laporta_1,0,Simon_Cowell_3,0
Elena_Dementieva_2,0,Lina_Krasnoroutskaya_2,0
Amram_Mitzna_3,0,Kamal_Kharrazi_3,0
Debbie_Reynolds_2,0,Elizabeth_Dole_1,0
Ralf_Schumacher_3,0,Steve_Largent_1,0
Alecos_Markides_2,0,Jay_Rasulo_3,0
Nick_Nolte_1,0,Tim_Floyd_1,0
Bill_Parcells_3,0,Gustavo_Kuerten_3,0
Stephen_Daldry_1,0,Wolfgang_Schneiderhan_1,0
Paul_Martin_2,0,Sepp_Blatter_2,0
Annette_Bening_2,0,Rita_Wilson_2,0
Darrell_Issa_1,0,Prince_Felipe_3,0
Chita_Rivera_2,0,Debbie_Reynolds_2,0
Arie_Haan_2,0,Bill_Clinton_3,0
Jenna_Elfman_3,0,Jeri_Ryan_2,0
Kamal_Kharrazi_1,0,Miroljub_1,0
Benjamin_Franklin_1,0,Sepp_Blatter_2,0
Paul_Martin_2,0,Sepp_Blatter_1,0
Gary_Winnick_1,0,Paul_Martin_1,0
Michael_Bloomberg_2,0,Stephen_Daldry_1,0
James_Cunningham_2,0,Michael_Bloomberg_3,0
Bo_Ryan_1,0,Michael_Bloomberg_1,0
Drew_Gooden_1,0,Kobe_Bryant_1,0
Mike_Scioscia_2,0,Paul_Martin_2,0
Heidi_Fleiss_2,0,Mona_Rishmawi_2,0
Iva_Majoli_1,0,Stacy_Dragila_2,0
Alejandro_Avila_2,0,Saeed_Mortazavi_2,0
Cecilia_Bolocco_3,0,Rita_Wilson_1,0
Bill_Clinton_3,0,Mike_Martz_2,0
Chita_Rivera_3,0,Emily_Mortimer_1,0
Colin_Jackson_2,0,David_Suazo_2,0
Michael_Patrick_King_2,0,Robbie_Fowler_2,0
Kobe_Bryant_1,0,Tony_Parker_3,0
Bill_Clinton_3,0,Donald_Evans_1,0
Jennifer_Lopez_1,0,Maria_Simon_1,0
Darrell_Issa_3,0,Kurt_Warner_1,0
Kjell_Magne_Bondevik_2,0,Tom_Watson_2,0
Michael_Bloomberg_2,0,Nick_Nolte_1,0
Jon_Gruden_2,0,Kimi_Raikkonen_1,0
Brendan_Hansen_1,0,Jason_Lezak_1,0
Gustavo_Kuerten_2,0,Hugo_Colace_1,0
Jay_Rasulo_3,0,Lou_Lang_2,0
Joan_Laporta_2,0,Pierce_Brosnan_2,0
Colin_Jackson_3,0,Drew_Gooden_1,0
George_Ryan_1,0,Jay_Rasulo_3,0
Gustavo_Kuerten_2,0,Marcos_Milinkovic_2,0
Filippo_Volandri_2,0,Greg_Rusedski_2,0
Donald_Evans_1,0,Michael_Bloomberg_1,0
Jenna_Elfman_1,0,Maria_Simon_1,0
Bertie_Ahern_1,0,Martin_Scorsese_1,0
Donald_Evans_3,0,Michael_Bloomberg_2,0
Drew_Gooden_2,0,Kobe_Bryant_1,0
Michael_Bloomberg_2,0,Stephen_Friedman_1,0
George_W_Bush_1,0,Michael_Bloomberg_1,0
Filippo_Volandri_3,0,Greg_Rusedski_1,0
Bill_Parcells_1,0,Jim_Tressel_3,0
Helo_Pinheiro_1,0,Maria_Shriver_2,0
Adam_Mair_2,0,Brendan_Hansen_2,0
Kamal_Kharrazi_2,0,Michael_Haneke_1,0
Augustin_Calleri_2,0,Tommy_Robredo_3,0
Bob_Hayes_3,0,Lionel_Richie_3,0
Anastasia_Kelesidou_3,0,Brendan_Hansen_3,0
Gordon_Campbell_3,0,Jay_Rasulo_3,0
Graeme_Lloyd_1,0,Kurt_Warner_3,0
Kareena_Kapoor_3,0,Rani_Mukherjee_1,0
Kurt_Schottenheimer_2,0,Michael_Bloomberg_1,0
Amram_Mitzna_1,0,Kamal_Kharrazi_3,0
Ben_Lee_1,0,Ricky_Barnes_1,0
Joan_Laporta_3,0,Simon_Cowell_2,0
Debbie_Reynolds_1,0,Lynn_Redgrave_1,0
Elena_Dementieva_2,0,Lina_Krasnoroutskaya_1,0
Pierce_Brosnan_1,0,Rick_Husband_1,0
Ashanti_1,0,Halle_Berry_1,0
Debbie_Reynolds_1,0,Elizabeth_Dole_1,0
Janusz_Kaminski_2,0,Stephen_Daldry_3,0
Ralf_Schumacher_2,0,Steve_Largent_1,0
Nick_Nolte_2,0,Tim_Floyd_3,0
Stephen_Daldry_3,0,Wolfgang_Schneiderhan_3,0
Paul_Martin_1,0,Sepp_Blatter_3,0
Annette_Bening_2,0,Rita_Wilson_1,0
Chita_Rivera_3,0,Debbie_Reynolds_2,0
David_Heyman_1,0,Peter_Goldmark_2,0
Bertie_Ahern_3,0,Paul_Martin_2,0
Ashanti_3,0,Yolanda_King_2,0
Kamal_Kharrazi_1,0,Miroljub_3,0
Bertie_Ahern_1,0,Mike_Scioscia_1,0
Greg_Rusedski_2,0,Marcos_Milinkovic_1,0
Donald_Evans_2,0,Pierce_Brosnan_1,0
Eileen_Coparropa_2,0,Heidi_Fleiss_2,0
Benjamin_Franklin_2,0,Sepp_Blatter_1,0
Michael_Bloomberg_3,0,Stephen_Daldry_1,0
David_Dodge_1,0,Michael_Bloomberg_1,0
James_Cunningham_1,0,Michael_Bloomberg_1,0
Bo_Ryan_2,0,Michael_Bloomberg_1,0
Filippo_Volandri_1,0,Prince_Felipe_3,0
Maria_Shriver_3,0,Sanja_Papic_1,0
Heidi_Fleiss_2,0,Mona_Rishmawi_3,0
Iva_Majoli_3,0,Stacy_Dragila_2,0
Alejandro_Avila_3,0,Saeed_Mortazavi_3,0
Bill_Clinton_3,0,Mike_Martz_3,0
Chita_Rivera_2,0,Emily_Mortimer_2,0
Colin_Jackson_2,0,David_Suazo_1,0
Michael_Patrick_King_1,0,Robbie_Fowler_2,0
Bill_Clinton_3,0,Donald_Evans_3,0
Jane_Krakowski_1,0,Jennifer_Lopez_1,0
Jennifer_Lopez_3,0,Maria_Simon_1,0
Kjell_Magne_Bondevik_1,0,Tom_Watson_3,0
Alina_Kabaeva_2,0,Jennifer_Lopez_1,0
Gustavo_Kuerten_1,0,Tommy_Robredo_2,0
Michael_Bloomberg_3,0,Nick_Nolte_1,0
Stephen_Daldry_3,0,Steve_Largent_2,0
Gustavo_Kuerten_3,0,Hugo_Colace_3,0
Colin_Jackson_3,0,Drew_Gooden_2,0
Gustavo_Kuerten_3,0,Marcos_Milinkovic_1,0
Jim_Tressel_3,0,Lord_Hutton_3,0
John_Timoney_1,0,Leonid_Kuchma_1,0
Donald_Evans_3,0,Michael_Bloomberg_3,0
Cesar_Gaviria_1,0,Wolfgang_Schneiderhan_1,0
Leonid_Kuchma_1,0,Stephen_Friedman_3,0
Bertie_Ahern_3,0,Martin_Scorsese_3,0
Michael_Bloomberg_2,0,Stephen_Friedman_2,0
Filippo_Volandri_3,0,Greg_Rusedski_3,0
Adam_Mair_3,0,Brendan_Hansen_2,0
Allen_Iverson_3,0,Jason_Gardner_3,0
Bo_Ryan_3,0,Michael_Bloomberg_2,0
Cesar_Gaviria_1,0,Kjell_Magne_Bondevik_2,0
Adam_Ant_1,0,Scott_Wolf_2,0
Joan_Laporta_2,0,Pierce_Brosnan_3,0
Anastasia_Kelesidou_2,0,Brendan_Hansen_1,0
Gordon_Campbell_2,0,Jay_Rasulo_1,0
Kareena_Kapoor_2,0,Rani_Mukherjee_2,0
Kurt_Schottenheimer_2,0,Michael_Bloomberg_3,0
Martin_Scorsese_2,0,Miroljub_3,0
Ben_Lee_2,0,Ricky_Barnes_1,0
Joan_Laporta_2,0,Simon_Cowell_3,0
Elena_Dementieva_1,0,Lina_Krasnoroutskaya_3,0
Janusz_Kaminski_3,0,Stephen_Daldry_3,0
Gordon_Campbell_3,0,Stephen_Daldry_3,0
Melana_Scantlin_3,0,Patsy_Kensit_1,0
Annette_Bening_1,0,Rita_Wilson_2,0
Alan_Trammell_1,0,Ricky_Barnes_1,0
Jenna_Elfman_1,0,Jeri_Ryan_2,0
Kamal_Kharrazi_3,0,Miroljub_3,0
Bertie_Ahern_3,0,Mike_Scioscia_2,0
Edward_Burns_2,0,Jason_Lezak_2,0
Greg_Rusedski_1,0,Marcos_Milinkovic_3,0
Donald_Evans_3,0,Pierce_Brosnan_1,0
Benjamin_Franklin_3,0,Sepp_Blatter_1,0
James_Cunningham_1,0,Michael_Bloomberg_2,0
Luiz_Felipe_Scolari_1,0,Sepp_Blatter_1,0
Gordon_Campbell_3,0,Mike_Martz_2,0
Roy_Romanow_2,0,Sepp_Blatter_2,0
Helo_Pinheiro_1,0,Jennifer_Lopez_1,0
Eileen_Coparropa_2,0,Jada_Pinkett_Smith_1,0
Alain_Ducasse_1,0,Pieter_Bouw_2,0
Iva_Majoli_2,0,Stacy_Dragila_1,0
Alecos_Markides_1,0,Lou_Lang_2,0
Bill_Clinton_1,0,Mike_Martz_2,0
Colin_Jackson_1,0,David_Suazo_2,0
Hartmut_Mehdorn_3,0,Tim_Floyd_1,0
Michael_Patrick_King_1,0,Robbie_Fowler_1,0
Kobe_Bryant_1,0,Tony_Parker_2,0
Bill_Clinton_3,0,Donald_Evans_2,0
Jennifer_Lopez_1,0,Maria_Simon_3,0
Darrell_Issa_2,0,Kurt_Warner_1,0
Alina_Kabaeva_1,0,Jennifer_Lopez_1,0
Gustavo_Kuerten_2,0,Tommy_Robredo_3,0
Michael_Bloomberg_3,0,Nick_Nolte_3,0
Gustavo_Kuerten_3,0,Hugo_Colace_1,0
Nick_Nolte_3,0,Pierce_Brosnan_3,0
Joan_Laporta_1,0,Pierce_Brosnan_3,0
George_Ryan_2,0,Jay_Rasulo_1,0
Gustavo_Kuerten_2,0,Marcos_Milinkovic_1,0
Filippo_Volandri_1,0,Greg_Rusedski_3,0
Colin_Jackson_1,0,Kobe_Bryant_2,0
Leonid_Kuchma_1,0,Stephen_Friedman_1,0
Bertie_Ahern_3,0,Martin_Scorsese_2,0
Bill_Clinton_2,0,Kurt_Schottenheimer_2,0
George_W_Bush_1,0,Michael_Bloomberg_2,0
Dave_Campo_3,0,Mike_Martz_1,0
Filippo_Volandri_1,0,Greg_Rusedski_2,0
Bill_Parcells_1,0,Jim_Tressel_2,0
Adam_Mair_3,0,Brendan_Hansen_3,0
Halle_Berry_3,0,Jada_Pinkett_Smith_1,0
Jesse_Ventura_1,0,Salman_Rushdie_2,0
Kamal_Kharrazi_3,0,Michael_Haneke_1,0
Bob_Hayes_1,0,Lionel_Richie_1,0
Bo_Ryan_3,0,Michael_Bloomberg_3,0
Cesar_Gaviria_2,0,Kjell_Magne_Bondevik_1,0
Nick_Nolte_3,0,Ray_Bradbury_1,0
