person,file_1,file_2,file_3,file_4,file_5,test
0,train/0/0.jpg,train/0/1.jpg,train/0/2.jpg,train/0/3.jpg,train/0/4.jpg,test/0.jpg
1,train/1/1.jpg,train/1/0.jpg,train/1/2.jpg,train/1/3.jpg,train/1/4.jpg,test/1.jpg
2,train/2/0.jpg,train/2/1.jpg,train/2/2.jpg,train/2/3.jpg,train/2/4.jpg,test/2.jpg
3,train/3/0.jpg,train/3/1.jpg,train/3/2.jpg,train/3/3.jpg,train/3/4.jpg,test/3.jpg
4,train/4/0.jpg,train/4/1.jpg,train/4/2.jpg,train/4/3.jpg,train/4/4.jpg,test/4.jpg
5,train/5/0.jpg,train/5/1.jpg,train/5/2.jpg,train/5/3.jpg,train/5/4.jpg,test/5.jpg
6,train/6/0.jpg,train/6/1.jpg,train/6/2.jpg,train/6/3.jpg,train/6/4.jpg,test/6.jpg
7,train/7/0.jpg,train/7/1.jpg,train/7/2.jpg,train/7/3.jpg,train/7/4.jpg,test/7.jpg
8,train/8/0.jpg,train/8/1.jpg,train/8/2.jpg,train/8/3.jpg,train/8/4.jpg,test/8.jpg
9,train/9/0.jpg,train/9/1.jpg,train/9/2.jpg,train/9/3.jpg,train/9/4.jpg,test/9.jpg
10,train/10/0.jpg,train/10/1.jpg,train/10/2.jpg,train/10/3.jpg,train/10/4.jpg,test/10.jpg
11,train/11/0.jpg,train/11/1.jpg,train/11/2.jpg,train/11/3.jpg,train/11/4.jpg,test/11.jpg
12,train/12/0.jpg,train/12/1.jpg,train/12/2.jpg,train/12/3.jpg,train/12/4.jpg,test/12.jpg
13,train/13/0.jpg,train/13/1.jpg,train/13/2.jpg,train/13/3.jpg,train/13/4.jpg,test/13.jpg
14,train/14/0.jpg,train/14/1.jpg,train/14/2.jpg,train/14/3.jpg,train/14/4.jpg,test/14.jpg
15,train/15/0.jpg,train/15/1.jpg,train/15/2.jpg,train/15/3.jpg,train/15/4.jpg,test/15.jpg
16,train/16/0.jpg,train/16/1.jpg,train/16/2.jpg,train/16/3.jpg,train/16/4.jpg,test/16.jpg
17,train/17/0.jpg,train/17/1.jpg,train/17/2.jpg,train/17/3.jpg,train/17/4.jpg,test/17.jpg
18,train/18/0.jpg,train/18/1.jpg,train/18/2.jpg,train/18/3.jpg,train/18/4.jpg,test/18.jpg
19,train/19/0.jpg,train/19/1.jpg,train/19/2.jpg,train/19/3.jpg,train/19/4.jpg,test/19.jpg
20,train/20/0.jpg,train/20/1.jpg,train/20/2.jpg,train/20/3.jpg,train/20/4.jpg,test/20.jpg
21,train/21/0.jpg,train/21/1.jpg,train/21/2.jpg,train/21/3.jpg,train/21/4.jpg,test/21.jpg
22,train/22/0.jpg,train/22/1.jpg,train/22/2.jpg,train/22/3.jpg,train/22/4.jpg,test/22.jpg
23,train/23/0.jpg,train/23/1.jpg,train/23/2.jpg,train/23/3.jpg,train/23/4.jpg,test/23.jpg
24,train/24/0.jpg,train/24/1.jpg,train/24/2.jpg,train/24/3.jpg,train/24/4.jpg,test/24.jpg
25,train/25/0.jpg,train/25/1.jpg,train/25/2.jpg,train/25/3.jpg,train/25/4.jpg,test/25.jpg
26,train/26/0.jpg,train/26/1.jpg,train/26/2.jpg,train/26/3.jpg,train/26/4.jpg,test/26.jpg
27,train/27/0.jpg,train/27/1.jpg,train/27/2.jpg,train/27/3.jpg,train/27/4.jpg,test/27.jpg
28,train/28/0.jpg,train/28/1.jpg,train/28/2.jpg,train/28/3.jpg,train/28/4.jpg,test/28.jpg
29,train/29/0.jpg,train/29/1.jpg,train/29/2.jpg,train/29/3.jpg,train/29/4.jpg,test/29.jpg
30,train/30/0.jpg,train/30/1.jpg,train/30/2.jpg,train/30/3.jpg,train/30/4.jpg,test/30.jpg
31,train/31/0.jpg,train/31/1.jpg,train/31/2.jpg,train/31/3.jpg,train/31/4.jpg,test/31.jpg
32,train/32/0.jpg,train/32/1.jpg,train/32/2.jpg,train/32/3.jpg,train/32/4.jpg,test/32.jpg
33,train/33/0.jpg,train/33/1.jpg,train/33/2.jpg,train/33/3.jpg,train/33/4.jpg,test/33.jpg
34,train/34/0.jpg,train/34/1.jpg,train/34/2.jpg,train/34/3.jpg,train/34/4.jpg,test/34.jpg
35,train/35/0.jpg,train/35/1.jpg,train/35/2.jpg,train/35/3.jpg,train/35/4.jpg,test/35.jpg
36,train/36/0.jpg,train/36/1.jpg,train/36/2.jpg,train/36/3.jpg,train/36/4.jpg,test/36.jpg
37,train/37/0.jpg,train/37/1.jpg,train/37/2.jpg,train/37/3.jpg,train/37/4.jpg,test/37.jpg
38,train/38/0.jpg,train/38/1.jpg,train/38/2.jpg,train/38/3.jpg,train/38/4.jpg,test/38.jpg
39,train/39/0.jpg,train/39/1.jpg,train/39/2.jpg,train/39/3.jpg,train/39/4.jpg,test/39.jpg
40,train/40/0.jpg,train/40/1.jpg,train/40/2.jpg,train/40/3.jpg,train/40/4.jpg,test/40.jpg
41,train/41/0.jpg,train/41/1.jpg,train/41/2.jpg,train/41/3.jpg,train/41/4.jpg,test/41.jpg
42,train/42/0.jpg,train/42/1.jpg,train/42/2.jpg,train/42/3.jpg,train/42/4.jpg,test/42.jpg
43,train/43/0.jpg,train/43/1.jpg,train/43/2.jpg,train/43/3.jpg,train/43/4.jpg,test/43.jpg
44,train/44/0.jpg,train/44/1.jpg,train/44/2.jpg,train/44/3.jpg,train/44/4.jpg,test/44.jpg
45,train/45/0.jpg,train/45/1.jpg,train/45/2.jpg,train/45/3.jpg,train/45/4.jpg,test/45.jpg
46,train/46/0.jpg,train/46/1.jpg,train/46/2.jpg,train/46/3.jpg,train/46/4.jpg,test/46.jpg
47,train/47/0.jpg,train/47/1.jpg,train/47/2.jpg,train/47/3.jpg,train/47/4.jpg,test/47.jpg
48,train/48/0.jpg,train/48/1.jpg,train/48/2.jpg,train/48/3.jpg,train/48/4.jpg,test/48.jpg
49,train/49/0.jpg,train/49/1.jpg,train/49/2.jpg,train/49/3.jpg,train/49/4.jpg,test/49.jpg
