filename,reason
AJ_Lamas_2.jpg,low_confidence
AJ_Lamas_3.jpg,low_confidence
Aaron_Eckhart_2.jpg,spoof_detected
Aaron_Eckhart_3.jpg,low_confidence
Aaron_Sorkin_2.jpg,low_confidence
Aaron_Sorkin_3.jpg,low_confidence
Abdel_Aziz_Al-Hakim_3.jpg,low_confidence
Abdoulaye_Wade_1.jpg,low_confidence
Abdullah_al-Attiyah_2.jpg,low_confidence
Abdullah_al-Attiyah_3.jpg,low_confidence
Abel_Pacheco_3.jpg,no_face
Abid_Hamid_Mahmud_Al-Tikriti_1.jpg,spoof_detected
Abid_Hamid_Mahmud_Al-Tikriti_3.jpg,low_confidence
Abraham_Foxman_3.jpg,low_confidence
Adam_Ant_3.jpg,low_confidence
Adam_Kennedy_2.jpg,low_confidence
Adam_Kennedy_3.jpg,low_confidence
Adam_Scott_2.jpg,low_confidence
Adam_Scott_3.jpg,low_confidence
Adolfo_Aguilar_Zinser_2.jpg,low_confidence
Adolfo_Aguilar_Zinser_3.jpg,low_confidence
Adoor_Gopalakarishnan_3.jpg,low_confidence
Adrian_Murrell_2.jpg,no_face
Adrian_Murrell_3.jpg,no_face
Adrien_Brody_1.jpg,no_face
Agnelo_Queiroz_2.jpg,low_confidence
Ahmed_Chalabi_1.jpg,spoof_detected
Ahmed_Chalabi_2.jpg,spoof_detected
Ahmed_Qureia_2.jpg,low_confidence
Ahmet_Necdet_Sezer_2.jpg,low_confidence
Ahmet_Necdet_Sezer_3.jpg,spoof_detected
Ain_Seppik_3.jpg,spoof_detected
Alain_Ducasse_2.jpg,low_confidence
Alain_Ducasse_3.jpg,spoof_detected
Alan_Greenspan_3.jpg,low_confidence
Alan_Trammell_3.jpg,low_confidence
Alanis_Morissette_2.jpg,low_confidence
Albert_Brooks_3.jpg,spoof_detected
Albert_Costa_2.jpg,low_confidence
Alberto_Sordi_3.jpg,spoof_detected
Alecos_Markides_3.jpg,low_confidence
Alejandro_Avila_1.jpg,spoof_detected
Aleksander_Voloshin_3.jpg,spoof_detected
Alessandro_Nesta_2.jpg,spoof_detected
Alex_Cabrera_3.jpg,low_confidence
Alex_Cejka_2.jpg,low_confidence
Alex_Ferguson_2.jpg,low_confidence
Alex_Wallau_3.jpg,low_confidence
Alexander_Lukashenko_3.jpg,no_face
Alexander_Rumyantsev_2.jpg,low_confidence
Alexander_Rumyantsev_3.jpg,low_confidence
Alexandre_Daigle_3.jpg,spoof_detected
Alfonso_Cuaron_2.jpg,no_face
Alfonso_Soriano_2.jpg,low_confidence
Alfonso_Soriano_3.jpg,no_face
Alfredo_Moreno_2.jpg,low_confidence
Alfredo_Moreno_3.jpg,low_confidence
Alfredo_di_Stefano_2.jpg,spoof_detected
Alfredo_di_Stefano_3.jpg,spoof_detected
Ali_Khamenei_1.jpg,low_confidence
Ali_Khamenei_2.jpg,spoof_detected
Ali_Khamenei_3.jpg,low_confidence
Ali_Naimi_2.jpg,no_face
Alice_Fisher_3.jpg,low_confidence
Alimzhan_Tokhtakhounov_3.jpg,low_confidence
Aline_Chretien_3.jpg,spoof_detected
Allan_Houston_3.jpg,low_confidence
Allen_Iverson_2.jpg,spoof_detected
Allison_Janney_2.jpg,low_confidence
Allison_Janney_3.jpg,spoof_detected
Allyson_Felix_3.jpg,spoof_detected
Alonzo_Mourning_2.jpg,low_confidence
Alonzo_Mourning_3.jpg,no_face
Alvaro_Silva_Calderon_3.jpg,spoof_detected
Amanda_Beard_2.jpg,low_confidence
Amanda_Marsh_1.jpg,spoof_detected
Amram_Mitzna_2.jpg,low_confidence
Amy_Redford_2.jpg,low_confidence
Amy_Redford_3.jpg,low_confidence
Ana_Guevara_3.jpg,low_confidence
Anders_Fogh_Rasmussen_3.jpg,low_confidence
Anderson_Varejao_3.jpg,low_confidence
Andrei_Nikolishin_1.jpg,spoof_detected
Andrei_Nikolishin_3.jpg,low_confidence
Andy_Benes_1.jpg,low_confidence
Andy_Dick_1.jpg,low_confidence
Andy_Dick_2.jpg,low_confidence
Andy_Griffith_1.jpg,spoof_detected
Andy_Griffith_3.jpg,spoof_detected
Andy_Griggs_2.jpg,low_confidence
Andy_North_1.jpg,low_confidence
Andy_North_3.jpg,low_confidence
Andy_Roddick_2.jpg,low_confidence
Andy_Rooney_2.jpg,low_confidence
Andy_Warhol_2.jpg,low_confidence
Andy_Warhol_3.jpg,spoof_detected
Angela_Bassett_1.jpg,low_confidence
Angela_Bassett_3.jpg,no_face
Angela_Lansbury_3.jpg,low_confidence
Angela_Merkel_3.jpg,low_confidence
Angelo_Reyes_3.jpg,low_confidence
Angie_Martinez_3.jpg,low_confidence
Ann_Veneman_2.jpg,low_confidence
Anna_Nicole_Smith_3.jpg,low_confidence
Anne_Krueger_2.jpg,spoof_detected
Anne_McLellan_3.jpg,low_confidence
Annette_Bening_3.jpg,spoof_detected
Anthony_Carter_3.jpg,low_confidence
Anthony_Fauci_2.jpg,low_confidence
Anthony_Fauci_3.jpg,low_confidence
Anthony_Pico_3.jpg,spoof_detected
Anton_Balasingham_3.jpg,spoof_detected
Antonio_Banderas_2.jpg,spoof_detected
Anwar_Ibrahim_1.jpg,low_confidence
Aretha_Franklin_2.jpg,spoof_detected
Ari_Fleischer_2.jpg,spoof_detected
Ariel_Sharon_2.jpg,low_confidence
Ariel_Sharon_3.jpg,low_confidence
Arif_Mardin_2.jpg,low_confidence
Arif_Mardin_3.jpg,spoof_detected
Arnaud_Clement_2.jpg,low_confidence
Arnaud_Clement_3.jpg,low_confidence
Arnold_Palmer_3.jpg,low_confidence
Aron_Ralston_2.jpg,spoof_detected
Arsinee_Khanjian_3.jpg,low_confidence
Ashton_Kutcher_2.jpg,low_confidence
Ashton_Kutcher_3.jpg,low_confidence
Asif_Ali_Zardari_1.jpg,spoof_detected
Atal_Bihari_Vajpayee_2.jpg,low_confidence
Augustin_Calleri_3.jpg,spoof_detected
Augusto_Pinochet_2.jpg,low_confidence
Azmi_Bishara_1.jpg,spoof_detected
BJ_Habibie_3.jpg,low_confidence
Babe_Ruth_1.jpg,low_confidence
Babe_Ruth_2.jpg,low_confidence
Babe_Ruth_3.jpg,spoof_detected
Barry_Alvarez_3.jpg,low_confidence
Barry_Bonds_2.jpg,low_confidence
Barry_Bonds_3.jpg,low_confidence
Barry_Collier_3.jpg,spoof_detected
Barry_Switzer_2.jpg,spoof_detected
Barry_Switzer_3.jpg,spoof_detected
Bartosz_Kizierowski_2.jpg,low_confidence
Baz_Luhrmann_3.jpg,spoof_detected
Beatrice_Dalle_1.jpg,spoof_detected
Beatrice_Dalle_3.jpg,spoof_detected
Ben_Broussard_3.jpg,low_confidence
Ben_Cahoon_3.jpg,low_confidence
Ben_Curtis_1.jpg,spoof_detected
Ben_Curtis_2.jpg,low_confidence
Ben_Curtis_3.jpg,low_confidence
Ben_Howland_1.jpg,spoof_detected
Ben_Howland_3.jpg,low_confidence
Bernadette_Peters_1.jpg,spoof_detected
Bernard_Giraudeau_2.jpg,low_confidence
Bernard_Giraudeau_3.jpg,low_confidence
Bernard_Law_3.jpg,spoof_detected
Bertie_Ahern_2.jpg,spoof_detected
Bijan_Darvish_2.jpg,low_confidence
Bijan_Darvish_3.jpg,spoof_detected
Bill_Bradley_1.jpg,no_face
Bill_Cartwright_3.jpg,spoof_detected
Bill_Lerach_2.jpg,low_confidence
Bill_Lerach_3.jpg,low_confidence
Bill_Nelson_1.jpg,low_confidence
Bill_OReilly_3.jpg,spoof_detected
Bill_Parcells_2.jpg,spoof_detected
Bill_Richardson_2.jpg,spoof_detected
Bill_Sizemore_3.jpg,low_confidence
Billy_Andrade_2.jpg,low_confidence
Billy_Crystal_3.jpg,spoof_detected
Bob_Beauprez_3.jpg,spoof_detected
Bob_Dole_3.jpg,low_confidence
Bob_Hayes_2.jpg,low_confidence
Bob_Holden_2.jpg,low_confidence
Bob_Holden_3.jpg,low_confidence
Bob_Hope_1.jpg,low_confidence
Bob_Hope_2.jpg,low_confidence
Bob_Melvin_3.jpg,low_confidence
Bob_Menendez_2.jpg,spoof_detected
Bob_Riley_3.jpg,low_confidence
Bobby_Jackson_1.jpg,low_confidence
Bobby_Jackson_3.jpg,spoof_detected
Boris_Becker_1.jpg,no_face
Brajesh_Mishra_3.jpg,low_confidence
Brandon_Larson_3.jpg,low_confidence
Brandon_Webb_2.jpg,low_confidence
Brent_Coles_2.jpg,spoof_detected
Brett_Hawke_2.jpg,spoof_detected
Brian_Cowen_3.jpg,low_confidence
Brian_Griese_1.jpg,low_confidence
Brian_Jordan_3.jpg,low_confidence
Brian_Lara_1.jpg,low_confidence
Brian_Lara_2.jpg,spoof_detected
Brian_Schneider_2.jpg,low_confidence
Bridgette_Wilson-Sampras_3.jpg,spoof_detected
Bryan_Thomas_2.jpg,low_confidence
Butch_Davis_1.jpg,spoof_detected
Calista_Flockhart_3.jpg,low_confidence
Calvin_Harrison_2.jpg,low_confidence
Calvin_Harrison_3.jpg,low_confidence
Camilla_Parker_Bowles_2.jpg,low_confidence
Camilla_Parker_Bowles_3.jpg,low_confidence
Carina_Lau_Ka-ling_1.jpg,spoof_detected
Carl_Reiner_3.jpg,low_confidence
Carla_Del_Ponte_2.jpg,spoof_detected
Carlo_Azeglio_Ciampi_1.jpg,no_face
Carlos_Arroyo_2.jpg,spoof_detected
Carlos_Mesa_3.jpg,low_confidence
Carlos_Salinas_3.jpg,low_confidence
Carol_Burnett_2.jpg,spoof_detected
Carol_Burnett_3.jpg,spoof_detected
Carolina_Kluft_2.jpg,spoof_detected
Carolina_Kluft_3.jpg,spoof_detected
Caroline_Kennedy_1.jpg,low_confidence
Caroline_Kennedy_3.jpg,low_confidence
Carolyn_Kuhl_3.jpg,low_confidence
Cass_Ballenger_3.jpg,low_confidence
Cate_Blanchett_2.jpg,low_confidence
Cecile_de_France_3.jpg,low_confidence
Chakib_Khelil_2.jpg,low_confidence
Chakib_Khelil_3.jpg,spoof_detected
Chan_Gailey_1.jpg,spoof_detected
Chan_Gailey_3.jpg,low_confidence
Chan_Ho_Park_1.jpg,no_face
Chan_Ho_Park_3.jpg,low_confidence
Chance_Mock_2.jpg,low_confidence
Chance_Mock_3.jpg,no_face
Charles_Grassley_1.jpg,low_confidence
Charles_Taylor_2.jpg,low_confidence
Charlie_Hunnam_2.jpg,spoof_detected
Charlie_Zaa_1.jpg,spoof_detected
Charlie_Zaa_2.jpg,spoof_detected
Charlotte_Rampling_3.jpg,low_confidence
Cherie_Blair_1.jpg,low_confidence
Cherie_Blair_2.jpg,low_confidence
Cherie_Blair_3.jpg,low_confidence
Chita_Rivera_1.jpg,spoof_detected
Chok_Tong_Goh_2.jpg,low_confidence
Chris_Dodd_3.jpg,low_confidence
Chris_Gratton_1.jpg,low_confidence
Chris_Gratton_2.jpg,low_confidence
Chris_Gratton_3.jpg,low_confidence
Chris_Kolanas_2.jpg,low_confidence
Chris_Kolanas_3.jpg,no_face
Chris_Pronger_2.jpg,spoof_detected
Chris_Pronger_3.jpg,low_confidence
Christian_Longo_3.jpg,spoof_detected
Christiane_Wulff_3.jpg,low_confidence
Christine_Baumgartner_3.jpg,low_confidence
Christine_Gregoire_2.jpg,low_confidence
Christine_Todd_Whitman_2.jpg,spoof_detected
Christopher_Reeve_3.jpg,spoof_detected
Chuck_Amato_2.jpg,low_confidence
Chuck_Hagel_3.jpg,low_confidence
Chuck_Woolery_2.jpg,low_confidence
Chuck_Yeager_1.jpg,low_confidence
Chuck_Yeager_2.jpg,low_confidence
Claire_Danes_3.jpg,spoof_detected
Clara_Harris_3.jpg,spoof_detected
Clare_Short_1.jpg,low_confidence
Clare_Short_2.jpg,low_confidence
Claude_Jorda_2.jpg,low_confidence
Claudette_Robinson_2.jpg,low_confidence
Claudette_Robinson_3.jpg,no_face
Claudia_Pechstein_1.jpg,low_confidence
Cliff_Ellis_2.jpg,low_confidence
Colin_Farrell_2.jpg,spoof_detected
Colin_Powell_2.jpg,low_confidence
Colin_Powell_3.jpg,spoof_detected
Colin_Prescot_1.jpg,spoof_detected
Colin_Prescot_2.jpg,spoof_detected
Colleen_Atwood_3.jpg,no_face
Connie_Freydell_2.jpg,low_confidence
Connie_Freydell_3.jpg,low_confidence
Coretta_Scott_King_2.jpg,spoof_detected
Corinna_Harfouch_2.jpg,low_confidence
Corinna_Harfouch_3.jpg,low_confidence
Corinne_Coman_2.jpg,low_confidence
Costas_Simitis_2.jpg,low_confidence
Courtney_Love_2.jpg,spoof_detected
Craig_Fitzgibbon_1.jpg,spoof_detected
Craig_MacTavish_1.jpg,spoof_detected
Cristina_Saralegui_3.jpg,spoof_detected
Cyndi_Thompson_3.jpg,low_confidence
Dalai_Lama_2.jpg,low_confidence
Dale_Earnhardt_Jr_2.jpg,low_confidence
Damon_Dash_3.jpg,low_confidence
Damon_van_Dam_2.jpg,low_confidence
Dan_Morales_3.jpg,low_confidence
Dan_Reeves_1.jpg,low_confidence
Dan_Reeves_2.jpg,low_confidence
Dan_Wheldon_3.jpg,low_confidence
Daniel_Barenboim_2.jpg,low_confidence
Daniel_Barenboim_3.jpg,low_confidence
Daniel_Bruehl_3.jpg,low_confidence
Danielle_Spencer_3.jpg,low_confidence
Danny_Ainge_1.jpg,low_confidence
Darcy_Regier_3.jpg,low_confidence
Darin_Erstad_2.jpg,low_confidence
Darin_Erstad_3.jpg,low_confidence
Dario_Camuffo_3.jpg,spoof_detected
Darren_Campel_2.jpg,low_confidence
Darren_Campel_3.jpg,low_confidence
Daryl_Hannah_1.jpg,low_confidence
Daryl_Hannah_2.jpg,low_confidence
Daryl_Parks_1.jpg,low_confidence
Daryl_Parks_2.jpg,low_confidence
Dave_Barr_1.jpg,low_confidence
Dave_Barr_3.jpg,no_face
Dave_Campo_2.jpg,low_confidence
Dave_Williams_1.jpg,spoof_detected
David_Alpay_2.jpg,low_confidence
David_Alpay_3.jpg,low_confidence
David_Caruso_1.jpg,low_confidence
David_Caruso_2.jpg,low_confidence
David_Caruso_3.jpg,low_confidence
David_Collenette_1.jpg,no_face
David_Collenette_3.jpg,spoof_detected
David_Coulthard_1.jpg,spoof_detected
David_Duval_1.jpg,low_confidence
David_Duval_2.jpg,low_confidence
David_McCullough_1.jpg,spoof_detected
David_McCullough_2.jpg,low_confidence
David_McCullough_3.jpg,no_face
David_Nalbandian_3.jpg,low_confidence
David_Stern_2.jpg,spoof_detected
Dean_Barker_2.jpg,low_confidence
Debbie_Reynolds_3.jpg,low_confidence
Debra_Yang_2.jpg,low_confidence
Debra_Yang_3.jpg,spoof_detected
Deniz_Baykal_2.jpg,low_confidence
Dennis_Erickson_2.jpg,low_confidence
Dennis_Franchione_1.jpg,spoof_detected
Dereck_Whittenburg_1.jpg,low_confidence
Dereck_Whittenburg_2.jpg,low_confidence
Dereck_Whittenburg_3.jpg,low_confidence
Derek_Bond_3.jpg,low_confidence
Derek_Jeter_3.jpg,spoof_detected
Derek_Lowe_1.jpg,spoof_detected
Derek_Lowe_2.jpg,low_confidence
Derrick_Battie_3.jpg,low_confidence
Diana_Krall_3.jpg,low_confidence
Diane_Lane_2.jpg,low_confidence
Dianne_Reeves_1.jpg,low_confidence
Dianne_Reeves_2.jpg,low_confidence
Dick_Armey_1.jpg,spoof_detected
Dick_Armey_3.jpg,spoof_detected
Dick_Latessa_1.jpg,spoof_detected
Dick_Smothers_1.jpg,spoof_detected
Didier_Defago_2.jpg,low_confidence
Dino_Risi_3.jpg,low_confidence
Dino_de_Laurentis_1.jpg,low_confidence
Dino_de_Laurentis_3.jpg,low_confidence
Dirk_Kempthorne_2.jpg,low_confidence
Dita_Von_Tesse_2.jpg,spoof_detected
Dolly_Parton_2.jpg,low_confidence
Dolly_Parton_3.jpg,low_confidence
Don_Carcieri_2.jpg,low_confidence
Don_Hewitt_3.jpg,low_confidence
Don_Matthews_2.jpg,low_confidence
Donald_Carty_2.jpg,low_confidence
Donald_Pettit_2.jpg,no_face
Donald_Regan_3.jpg,spoof_detected
Donald_Rumsfeld_3.jpg,low_confidence
Donald_Trump_1.jpg,spoof_detected
Donatella_Versace_2.jpg,spoof_detected
Dora_Bakoyianni_2.jpg,low_confidence
Dora_Bakoyianni_3.jpg,low_confidence
Doris_Roberts_2.jpg,low_confidence
Doris_Roberts_3.jpg,no_face
Doris_Schroeder_1.jpg,spoof_detected
Doris_Schroeder_2.jpg,low_confidence
Douglas_Gansler_3.jpg,low_confidence
Dragan_Covic_3.jpg,low_confidence
Drew_Barrymore_1.jpg,low_confidence
Duane_Lee_Chapman_3.jpg,low_confidence
Dusty_Baker_2.jpg,low_confidence
Dwayne_Wade_1.jpg,low_confidence
Dwayne_Wade_2.jpg,low_confidence
Ed_Book_3.jpg,low_confidence
Ed_Rosenthal_2.jpg,spoof_detected
Ed_Smart_2.jpg,spoof_detected
Eddie_Lucio_3.jpg,spoof_detected
Eddie_Murray_3.jpg,spoof_detected
Edgar_Savisaar_2.jpg,spoof_detected
Edgar_Savisaar_3.jpg,low_confidence
Edmund_Stoiber_1.jpg,no_face
Edmund_Stoiber_2.jpg,low_confidence
Edmund_Stoiber_3.jpg,low_confidence
Eduardo_Chillida_3.jpg,low_confidence
Eduardo_Duhalde_3.jpg,low_confidence
Eduardo_Romero_2.jpg,low_confidence
Edward_Albee_3.jpg,spoof_detected
Edward_Arsenault_1.jpg,spoof_detected
Edward_Egan_1.jpg,spoof_detected
Edward_James_Olmos_2.jpg,low_confidence
Edward_James_Olmos_3.jpg,low_confidence
Edward_Lu_1.jpg,spoof_detected
Edward_Said_3.jpg,spoof_detected
Edwin_Edwards_3.jpg,low_confidence
Eileen_Coparropa_3.jpg,low_confidence
Elaine_Stritch_1.jpg,spoof_detected
Elaine_Stritch_2.jpg,low_confidence
Elena_Bovina_2.jpg,spoof_detected
Eli_Broad_2.jpg,low_confidence
Eli_Broad_3.jpg,low_confidence
Eliane_Karp_2.jpg,low_confidence
Elin_Nordegren_2.jpg,low_confidence
Elinor_Caplan_1.jpg,low_confidence
Elinor_Caplan_2.jpg,low_confidence
Elinor_Caplan_3.jpg,low_confidence
Eliott_Spitzer_3.jpg,no_face
Elizabeth_Taylor_1.jpg,spoof_detected
Elizabeth_Taylor_2.jpg,low_confidence
Elizabeth_Taylor_3.jpg,spoof_detected
Ellen_Barkin_3.jpg,low_confidence
Elvis_Costello_1.jpg,spoof_detected
Elvis_Costello_2.jpg,low_confidence
Elvis_Costello_3.jpg,low_confidence
Elvis_Presley_3.jpg,low_confidence
Elvis_Stojko_1.jpg,spoof_detected
Emelie_Loit_3.jpg,low_confidence
Emilio_Botin_2.jpg,spoof_detected
Eminem_2.jpg,low_confidence
Emmanuel_Milingo_3.jpg,low_confidence
Emmit_Smith_1.jpg,spoof_detected
Emmit_Smith_2.jpg,low_confidence
Emmit_Smith_3.jpg,spoof_detected
Enos_Slaughter_2.jpg,low_confidence
Enos_Slaughter_3.jpg,low_confidence
Enrica_Fico_2.jpg,low_confidence
Enrique_Bolanos_2.jpg,low_confidence
Enrique_Bolanos_3.jpg,low_confidence
Eric_Benet_3.jpg,spoof_detected
Eric_Clapton_2.jpg,spoof_detected
Eric_Fehr_2.jpg,low_confidence
Eric_Hinske_2.jpg,low_confidence
Eric_Hinske_3.jpg,low_confidence
Erik_Morales_3.jpg,low_confidence
Eriko_Tamura_2.jpg,no_face
Eriko_Tamura_3.jpg,no_face
Erin_Brockovich_2.jpg,low_confidence
Erin_Brockovich_3.jpg,low_confidence
Ernie_Fletcher_3.jpg,low_confidence
Ernie_Stewart_2.jpg,low_confidence
Ernie_Stewart_3.jpg,spoof_detected
Eunice_Barber_2.jpg,low_confidence
Eunice_Barber_3.jpg,low_confidence
Eurico_Guterres_1.jpg,low_confidence
Eva_Mendes_2.jpg,low_confidence
Evander_Holyfield_2.jpg,low_confidence
Evander_Holyfield_3.jpg,spoof_detected
Fabiola_Zuluaga_1.jpg,spoof_detected
Farouk_al-Sharaa_2.jpg,low_confidence
Farouk_al-Sharaa_3.jpg,low_confidence
Fatmir_Limaj_1.jpg,low_confidence
Faye_Wong_2.jpg,spoof_detected
Faye_Wong_3.jpg,spoof_detected
Federico_Trillo_1.jpg,low_confidence
Federico_Trillo_2.jpg,low_confidence
Fernando_Alonso_1.jpg,low_confidence
Fernando_Alonso_3.jpg,low_confidence
Fernando_Valenzuela_1.jpg,spoof_detected
Fernando_Vargas_2.jpg,low_confidence
Fernando_Vargas_3.jpg,low_confidence
Frances_Fisher_2.jpg,low_confidence
Frances_Fisher_3.jpg,low_confidence
Francisco_Garcia_2.jpg,no_face
Francisco_Garcia_3.jpg,low_confidence
Francois_Ozon_3.jpg,spoof_detected
Frank_Abagnale_Jr_1.jpg,spoof_detected
Frank_Abagnale_Jr_2.jpg,low_confidence
Frank_Abagnale_Jr_3.jpg,low_confidence
Frank_Beamer_1.jpg,low_confidence
Frank_Beamer_2.jpg,low_confidence
Frank_Beamer_3.jpg,low_confidence
Frank_Coraci_2.jpg,no_face
Frank_Coraci_3.jpg,low_confidence
Frank_Schmoekel_3.jpg,low_confidence
Franko_Simatovic_2.jpg,low_confidence
Franz_Fischler_1.jpg,spoof_detected
Fred_Durst_1.jpg,no_face
Fred_Durst_3.jpg,low_confidence
Garry_Trudeau_1.jpg,low_confidence
Garry_Trudeau_2.jpg,low_confidence
Garry_Trudeau_3.jpg,low_confidence
Garth_Drabinsky_2.jpg,low_confidence
Gary_Carter_2.jpg,low_confidence
Gary_Carter_3.jpg,low_confidence
Gary_Doer_1.jpg,spoof_detected
Gary_Gitnick_2.jpg,low_confidence
Gary_Gitnick_3.jpg,low_confidence
Gary_Sinise_2.jpg,low_confidence
Gary_Williams_3.jpg,low_confidence
Gaston_Gaudio_2.jpg,low_confidence
Gene_Hackman_1.jpg,spoof_detected
Gene_Hackman_3.jpg,low_confidence
Gene_Keady_3.jpg,low_confidence
Gene_Robinson_3.jpg,low_confidence
Gene_Sauers_2.jpg,low_confidence
Gene_Sauers_3.jpg,low_confidence
George_Harrison_2.jpg,low_confidence
George_Karl_1.jpg,spoof_detected
George_Karl_2.jpg,low_confidence
George_Lopez_3.jpg,low_confidence
George_Lucas_1.jpg,low_confidence
George_Lucas_2.jpg,low_confidence
George_Maxwell_Richards_2.jpg,low_confidence
George_Maxwell_Richards_3.jpg,low_confidence
George_Roy_Hill_3.jpg,low_confidence
George_Ryan_3.jpg,low_confidence
George_W_Bush_2.jpg,low_confidence
Geovani_Lapentti_1.jpg,no_face
Geovani_Lapentti_2.jpg,low_confidence
Geovani_Lapentti_3.jpg,low_confidence
Gerald_Fitch_1.jpg,low_confidence
Gerald_Fitch_3.jpg,low_confidence
Gerald_Ford_1.jpg,spoof_detected
Gerald_Ford_3.jpg,spoof_detected
Gerald_Riley_3.jpg,no_face
Gerard_de_Cortanze_2.jpg,spoof_detected
Gerry_Adams_3.jpg,spoof_detected
Giannina_Facio_3.jpg,low_confidence
Gideon_Yago_2.jpg,no_face
Gilles_Panizzi_3.jpg,low_confidence
Gillian_Anderson_1.jpg,spoof_detected
Gina_Gershon_3.jpg,low_confidence
Gina_Lollobrigida_3.jpg,low_confidence
Gisele_Bundchen_2.jpg,low_confidence
Gisele_Bundchen_3.jpg,low_confidence
Giulio_Andreotti_1.jpg,spoof_detected
Giulio_Andreotti_2.jpg,low_confidence
Giuseppe_Gibilisco_2.jpg,low_confidence
Glafcos_Clerides_2.jpg,spoof_detected
Glafcos_Clerides_3.jpg,low_confidence
Goh_Kun_3.jpg,spoof_detected
Goldie_Hawn_1.jpg,spoof_detected
Gonzalo_Sanchez_de_Lozada_2.jpg,spoof_detected
Gordon_Brown_3.jpg,low_confidence
Graciano_Rocchigiani_3.jpg,no_face
Grady_Little_2.jpg,low_confidence
Grady_Little_3.jpg,low_confidence
Graeme_Lloyd_2.jpg,no_face
Graeme_Lloyd_3.jpg,low_confidence
Graeme_Smith_2.jpg,low_confidence
Grant_Hackett_3.jpg,low_confidence
Gregg_Popovich_1.jpg,low_confidence
Gregg_Popovich_2.jpg,low_confidence
Gregor_Gysi_2.jpg,low_confidence
Gregory_Peck_2.jpg,spoof_detected
Gregory_Peck_3.jpg,low_confidence
Gro_Harlem_Brundtland_2.jpg,spoof_detected
Guenter_Verheugen_3.jpg,low_confidence
Guillaume_Soro_2.jpg,low_confidence
Guillaume_Soro_3.jpg,low_confidence
Gunilla_Backman_3.jpg,low_confidence
Gus_Frerotte_3.jpg,low_confidence
Gustavo_Noboa_1.jpg,spoof_detected
Guus_Hiddink_1.jpg,low_confidence
Guy_Hemmings_2.jpg,no_face
Guy_Ritchie_2.jpg,low_confidence
Guy_Ritchie_3.jpg,low_confidence
Gwen_Stefani_3.jpg,spoof_detected
Gwendal_Peizerat_2.jpg,spoof_detected
Gwyneth_Paltrow_1.jpg,spoof_detected
Gwyneth_Paltrow_3.jpg,low_confidence
Hal_McCoy_2.jpg,low_confidence
Hal_McCoy_3.jpg,low_confidence
Hal_Sutton_3.jpg,low_confidence
Hama_Arba_Diallo_2.jpg,low_confidence
Hama_Arba_Diallo_3.jpg,low_confidence
Hamad_Bin_Isa_al-Khalifa_3.jpg,low_confidence
Hamid_Karzai_2.jpg,low_confidence
Hamzah_Haz_2.jpg,no_face
Hamzah_Haz_3.jpg,no_face
Hank_Azaria_2.jpg,low_confidence
Hans_Blix_2.jpg,low_confidence
Harald_Ringstorff_1.jpg,no_face
Harbhajan_Singh_3.jpg,low_confidence
Harry_Schmidt_2.jpg,low_confidence
Hartmut_Mehdorn_2.jpg,spoof_detected
Hasan_Wirayuda_3.jpg,low_confidence
Hashim_Thaci_3.jpg,low_confidence
Hassanal_Bolkiah_3.jpg,low_confidence
Heath_Ledger_3.jpg,spoof_detected
Heidi_Fleiss_3.jpg,low_confidence
Heidi_Klum_2.jpg,spoof_detected
Helo_Pinheiro_2.jpg,low_confidence
Helo_Pinheiro_3.jpg,low_confidence
Henri_Proglio_2.jpg,spoof_detected
Henrique_Meirelles_3.jpg,low_confidence
Henry_Castellanos_1.jpg,low_confidence
Henry_Castellanos_3.jpg,low_confidence
Hillary_Clinton_3.jpg,low_confidence
Hipolito_Mejia_2.jpg,no_face
Hipolito_Mejia_3.jpg,low_confidence
Hisao_Oguchi_2.jpg,low_confidence
Hitomi_Soga_1.jpg,low_confidence
Hitomi_Soga_2.jpg,low_confidence
Hitomi_Soga_3.jpg,low_confidence
Hootie_Johnson_2.jpg,low_confidence
Hootie_Johnson_3.jpg,low_confidence
Howard_Stern_1.jpg,low_confidence
Howard_Stern_2.jpg,no_face
Hu_Jintao_3.jpg,low_confidence
Hugh_Carey_1.jpg,low_confidence
Hugh_Carey_3.jpg,low_confidence
Hugh_Hefner_2.jpg,spoof_detected
Hugo_Chavez_1.jpg,low_confidence
Hugo_Chavez_2.jpg,no_face
Hugo_Colace_2.jpg,spoof_detected
Hugo_Conte_2.jpg,low_confidence
Hun_Sen_2.jpg,spoof_detected
Hunter_Kemper_2.jpg,low_confidence
Ian_McKellen_2.jpg,low_confidence
Ian_McKellen_3.jpg,low_confidence
Iban_Mayo_2.jpg,low_confidence
Idi_Amin_1.jpg,spoof_detected
Idi_Amin_2.jpg,low_confidence
Idi_Amin_3.jpg,low_confidence
Ilie_Nastase_2.jpg,spoof_detected
Ilie_Nastase_3.jpg,spoof_detected
Imam_Samudra_3.jpg,low_confidence
Imelda_Marcos_1.jpg,low_confidence
Imre_Kertasz_3.jpg,low_confidence
Ingrid_Betancourt_1.jpg,spoof_detected
Ion_Tiriac_2.jpg,low_confidence
Ira_Einhorn_2.jpg,spoof_detected
Isabella_Rossellini_3.jpg,spoof_detected
Isaiah_Washington_1.jpg,no_face
Isaiah_Washington_3.jpg,low_confidence
Isidro_Pastor_3.jpg,low_confidence
Ismael_Miranda_2.jpg,low_confidence
Ivan_Stambolic_1.jpg,spoof_detected
Ivan_Stambolic_2.jpg,spoof_detected
Ivan_Stambolic_3.jpg,low_confidence
Iveta_Benesova_2.jpg,low_confidence
JC_Chasez_3.jpg,spoof_detected
Jack_Nicholson_2.jpg,spoof_detected
Jack_Welch_2.jpg,spoof_detected
Jackie_Sherrill_2.jpg,spoof_detected
Jacky_Cheung_2.jpg,low_confidence
Jacques_Rogge_1.jpg,low_confidence
Jake_Plummer_1.jpg,spoof_detected
Jake_Plummer_2.jpg,spoof_detected
James_Baker_2.jpg,spoof_detected
James_Barksdale_2.jpg,low_confidence
James_Barksdale_3.jpg,spoof_detected
James_Brosnahan_2.jpg,low_confidence
James_Brosnahan_3.jpg,low_confidence
James_Brown_2.jpg,low_confidence
James_Caan_1.jpg,low_confidence
James_Cameron_2.jpg,spoof_detected
James_Comey_3.jpg,low_confidence
James_Hallock_1.jpg,spoof_detected
James_Ivory_3.jpg,low_confidence
James_Murdoch_3.jpg,low_confidence
James_Wolfensohn_3.jpg,spoof_detected
Jamir_Miller_2.jpg,low_confidence
Jamir_Miller_3.jpg,no_face
Jamling_Norgay_2.jpg,spoof_detected
Jamling_Norgay_3.jpg,low_confidence
Jan-Michael_Gambill_2.jpg,spoof_detected
Jan_De_Bont_1.jpg,spoof_detected
Jan_De_Bont_2.jpg,spoof_detected
Jan_Peter_Balkenende_3.jpg,low_confidence
Jan_Pronk_2.jpg,low_confidence
Jane_Fonda_2.jpg,spoof_detected
Jane_Fonda_3.jpg,low_confidence
Jane_Leeves_2.jpg,low_confidence
Jane_Menelaus_3.jpg,low_confidence
Jane_Pauley_3.jpg,low_confidence
Janet_Leigh_2.jpg,low_confidence
Janet_Leigh_3.jpg,spoof_detected
Janez_Drnovsek_2.jpg,no_face
Janez_Drnovsek_3.jpg,no_face
Janica_Kostelic_2.jpg,low_confidence
Janica_Kostelic_3.jpg,low_confidence
Janice_Goldfinger_2.jpg,low_confidence
Janice_Goldfinger_3.jpg,low_confidence
Jaromir_Jagr_2.jpg,low_confidence
Jason_Gardner_2.jpg,spoof_detected
Jason_Lezak_3.jpg,low_confidence
Jason_Mewes_2.jpg,low_confidence
Jason_Priestley_2.jpg,no_face
Jason_Priestley_3.jpg,low_confidence
Javier_Bardem_3.jpg,low_confidence
Javier_Camara_2.jpg,low_confidence
Javier_Camara_3.jpg,low_confidence
Javier_Vazquez_3.jpg,low_confidence
Jay_Leno_2.jpg,spoof_detected
Jay_Leno_3.jpg,low_confidence
Jay_Rasulo_2.jpg,spoof_detected
Jean-Claude_Trichet_3.jpg,low_confidence
Jean-Luc_Bideau_3.jpg,low_confidence
Jean-Marc_de_La_Sabliere_2.jpg,low_confidence
Jean-Marc_de_La_Sabliere_3.jpg,spoof_detected
Jean-Pierre_Raffarin_3.jpg,spoof_detected
Jean-Rene_Fourtou_3.jpg,spoof_detected
Jean_Carnahan_3.jpg,low_confidence
Jeanette_Gray_2.jpg,low_confidence
Jeanne_Moreau_1.jpg,low_confidence
Jeff_George_3.jpg,low_confidence
Jeff_Van_Gundy_3.jpg,low_confidence
Jeffrey_Archer_1.jpg,low_confidence
Jeffrey_Archer_2.jpg,low_confidence
Jeffrey_Archer_3.jpg,low_confidence
Jeffrey_Katzenberg_2.jpg,spoof_detected
Jelena_Dokic_2.jpg,low_confidence
Jenna_Elfman_2.jpg,low_confidence
Jennette_Bradley_3.jpg,low_confidence
Jennifer_Connelly_2.jpg,spoof_detected
Jennifer_Garner_2.jpg,no_face
Jennifer_Granholm_3.jpg,low_confidence
Jeremy_Greenstock_3.jpg,low_confidence
Jeremy_Wotherspoon_3.jpg,low_confidence
Jerome_Golmard_3.jpg,low_confidence
Jerry_Colangelo_3.jpg,spoof_detected
Jerry_Lewis_3.jpg,spoof_detected
Jerry_Regier_3.jpg,low_confidence
Jerry_Seinfeld_1.jpg,low_confidence
Jerry_Seinfeld_3.jpg,spoof_detected
Jerry_Springer_3.jpg,low_confidence
Jesse_Helms_3.jpg,low_confidence
Jesse_Jackson_3.jpg,low_confidence
Jesse_James_Leija_2.jpg,low_confidence
Jesse_Ventura_2.jpg,spoof_detected
Jessica_Biel_2.jpg,low_confidence
Jessica_Biel_3.jpg,no_face
Jessica_Lange_3.jpg,low_confidence
Jessica_Simpson_2.jpg,low_confidence
Jessica_Simpson_3.jpg,low_confidence
Jim_Bollman_3.jpg,low_confidence
Jim_Carrey_3.jpg,low_confidence
Jim_Edmonds_1.jpg,spoof_detected
Jim_Edmonds_2.jpg,low_confidence
Jim_Furyk_3.jpg,low_confidence
Jim_Harrick_2.jpg,low_confidence
Jim_Haslett_1.jpg,low_confidence
Jim_Haslett_2.jpg,low_confidence
Jim_Jeffords_1.jpg,low_confidence
Jim_Leach_1.jpg,spoof_detected
Jim_Otto_1.jpg,no_face
Jim_Otto_2.jpg,no_face
Jim_Piper_3.jpg,low_confidence
Jim_Thome_2.jpg,no_face
Jimmy_Carter_2.jpg,low_confidence
Jimmy_Gobble_2.jpg,low_confidence
Jimmy_Gobble_3.jpg,no_face
Jimmy_Iovine_2.jpg,low_confidence
Joaquin_Sanchez_2.jpg,low_confidence
Job_Cohen_2.jpg,low_confidence
Joe_Calzaghe_3.jpg,low_confidence
Joe_Cocker_1.jpg,spoof_detected
Joe_Cocker_2.jpg,spoof_detected
Joe_Crede_3.jpg,low_confidence
Joe_DeLamielleure_2.jpg,spoof_detected
Joe_DeLamielleure_3.jpg,low_confidence
Joe_Dumars_2.jpg,low_confidence
Joe_Lieberman_1.jpg,spoof_detected
Joe_Lieberman_3.jpg,spoof_detected
Joe_Mantegna_3.jpg,low_confidence
Joe_Mantello_2.jpg,low_confidence
Joe_Pantoliano_1.jpg,low_confidence
Joe_Pantoliano_2.jpg,no_face
Joe_Pantoliano_3.jpg,low_confidence
Joey_Mantia_2.jpg,low_confidence
John_Allen_Muhammad_2.jpg,spoof_detected
John_Baldacci_3.jpg,spoof_detected
John_Barnett_2.jpg,low_confidence
John_Burkett_3.jpg,low_confidence
John_Cornyn_3.jpg,spoof_detected
John_Cusack_2.jpg,low_confidence
John_F_Kennedy_Jr_2.jpg,low_confidence
John_F_Kennedy_Jr_3.jpg,low_confidence
John_Franco_2.jpg,low_confidence
John_Geoghan_2.jpg,no_face
John_Geoghan_3.jpg,low_confidence
John_Gruden_2.jpg,low_confidence
John_Gruden_3.jpg,low_confidence
John_Henry_3.jpg,low_confidence
John_Howard_3.jpg,low_confidence
John_Lynch_3.jpg,low_confidence
John_Madden_2.jpg,low_confidence
John_Madden_3.jpg,low_confidence
John_Manley_3.jpg,low_confidence
John_Marburger_2.jpg,spoof_detected
John_Marburger_3.jpg,low_confidence
John_Paul_II_2.jpg,spoof_detected
John_Prescott_3.jpg,spoof_detected
John_Reid_2.jpg,spoof_detected
John_Rusnak_2.jpg,low_confidence
John_Rusnak_3.jpg,no_face
John_Stallworth_3.jpg,low_confidence
John_Stockton_3.jpg,spoof_detected
John_Velazquez_2.jpg,low_confidence
John_Warner_2.jpg,low_confidence
John_Warner_3.jpg,low_confidence
Johnnie_Lynn_2.jpg,low_confidence
Johnny_Unitas_3.jpg,spoof_detected
Johnson_Panjaitan_2.jpg,low_confidence
Johnson_Panjaitan_3.jpg,low_confidence
Jonathan_Byrd_2.jpg,low_confidence
Jonathan_Byrd_3.jpg,low_confidence
Jonathan_Woodgate_1.jpg,low_confidence
Jonathan_Woodgate_3.jpg,low_confidence
Jong_Wook_Lee_1.jpg,spoof_detected
Jorge_Arce_1.jpg,low_confidence
Jorge_Castaneda_1.jpg,low_confidence
Jorge_Castaneda_3.jpg,low_confidence
Jorge_Enrique_Jimenez_3.jpg,low_confidence
Jorge_Rodolfo_Canicoba_Corral_1.jpg,low_confidence
Jorge_Rodolfo_Canicoba_Corral_2.jpg,spoof_detected
Jorge_Valdano_2.jpg,spoof_detected
Joschka_Fischer_3.jpg,low_confidence
Jose_Bove_3.jpg,low_confidence
Jose_Dirceu_2.jpg,spoof_detected
Jose_Luis_Rodriguez_Zapatero_2.jpg,low_confidence
Jose_Luis_Santiago_Vasconcelos_3.jpg,low_confidence
Jose_Sarney_2.jpg,low_confidence
Jose_Serra_1.jpg,low_confidence
Jose_Serra_2.jpg,low_confidence
Jose_Serra_3.jpg,low_confidence
Jose_Theodore_1.jpg,low_confidence
Jose_Theodore_2.jpg,low_confidence
Jose_Theodore_3.jpg,low_confidence
Joseph_Biden_1.jpg,low_confidence
Joseph_Kabila_2.jpg,low_confidence
Joseph_Ralston_1.jpg,low_confidence
Joseph_Ralston_3.jpg,low_confidence
Josh_Kronfeld_2.jpg,low_confidence
Joshua_Gracin_3.jpg,low_confidence
Judi_Dench_2.jpg,low_confidence
Judi_Dench_3.jpg,low_confidence
Judy_Genshaft_1.jpg,low_confidence
Judy_Genshaft_2.jpg,low_confidence
Juergen_Braehmer_2.jpg,low_confidence
Juergen_Braehmer_3.jpg,low_confidence
Juergen_Trittin_2.jpg,low_confidence
Julia_Tymoshenko_1.jpg,spoof_detected
Julia_Tymoshenko_3.jpg,no_face
Julian_Fantino_2.jpg,low_confidence
Julianna_Margulies_3.jpg,low_confidence
Julianne_Moore_1.jpg,spoof_detected
Julie_Gerberding_3.jpg,low_confidence
Julien_Varlet_2.jpg,low_confidence
Julien_Varlet_3.jpg,no_face
Juliette_Binoche_2.jpg,low_confidence
Julio_Iglesias_Jr_3.jpg,low_confidence
Juljia_Vysotskij_3.jpg,low_confidence
Justin_Gatlin_3.jpg,low_confidence
Justin_Guarini_3.jpg,low_confidence
Justin_Wilson_2.jpg,low_confidence
Justine_Henin_2.jpg,low_confidence
Justine_Pasek_2.jpg,low_confidence
Justine_Pasek_3.jpg,low_confidence
Kajsa_Bergqvist_1.jpg,low_confidence
Kaoru_Hasuike_2.jpg,low_confidence
Kaoru_Hasuike_3.jpg,low_confidence
Karen_Mok_2.jpg,spoof_detected
Karen_Mok_3.jpg,spoof_detected
Karol_Kucera_3.jpg,low_confidence
Kaspar_Villiger_3.jpg,no_face
Kate_Capshaw_2.jpg,low_confidence
Kate_Capshaw_3.jpg,low_confidence
Kathie_Louise_Saunders_3.jpg,low_confidence
Kathleen_Glynn_3.jpg,low_confidence
Kathleen_Kennedy_Townsend_2.jpg,low_confidence
Kathryn_Bigelow_3.jpg,spoof_detected
Katie_Couric_2.jpg,low_confidence
Katie_Harman_2.jpg,spoof_detected
Katie_Harman_3.jpg,low_confidence
Katrin_Cartlidge_3.jpg,low_confidence
Keira_Knightley_1.jpg,spoof_detected
Keith_Osik_2.jpg,low_confidence
Keith_Osik_3.jpg,spoof_detected
Kelly_Clarkson_3.jpg,spoof_detected
Ken_Kutaragi_3.jpg,low_confidence
Ken_Macha_2.jpg,low_confidence
Ken_Macha_3.jpg,low_confidence
Ken_Watanabe_2.jpg,low_confidence
Kenneth_Bowersox_2.jpg,low_confidence
Kenneth_Carlsen_1.jpg,spoof_detected
Kenneth_Carlsen_3.jpg,low_confidence
Kenny_Chesney_3.jpg,low_confidence
Kent_McCord_2.jpg,low_confidence
Kent_McCord_3.jpg,low_confidence
Kent_Rominger_2.jpg,low_confidence
Kevin_Borseth_3.jpg,low_confidence
Kevin_Hearn_3.jpg,spoof_detected
Kevin_Spacey_2.jpg,low_confidence
Kieran_Prendergast_1.jpg,no_face
Kieran_Prendergast_3.jpg,low_confidence
Kiki_Vandeweghe_2.jpg,spoof_detected
Kim_Dae-jung_2.jpg,spoof_detected
Kimi_Raikkonen_2.jpg,low_confidence
King_Abdullah_II_2.jpg,spoof_detected
Kirk_Ferentz_2.jpg,spoof_detected
Kirsten_Dunst_1.jpg,spoof_detected
Klaus_Zwickel_2.jpg,low_confidence
Kofi_Annan_2.jpg,low_confidence
Kofi_Annan_3.jpg,low_confidence
Koji_Uehara_3.jpg,low_confidence
Kristen_Breitweiser_2.jpg,no_face
Kurt_Busch_3.jpg,low_confidence
Kurt_Russell_3.jpg,spoof_detected
Kwame_Kilpatrick_3.jpg,spoof_detected
Kyle_McLaren_3.jpg,spoof_detected
Kyra_Sedgwick_3.jpg,low_confidence
Lachlan_Murdoch_1.jpg,spoof_detected
Laila_Ali_3.jpg,low_confidence
Larry_Bowa_2.jpg,low_confidence
Larry_Bowa_3.jpg,low_confidence
Larry_Brown_2.jpg,low_confidence
Larry_Brown_3.jpg,low_confidence
Larry_Campbell_3.jpg,spoof_detected
Larry_Lucchino_1.jpg,spoof_detected
Lars_Von_Trier_2.jpg,spoof_detected
Laura_Bush_3.jpg,low_confidence
Laura_Morante_2.jpg,low_confidence
Laura_Pausini_2.jpg,spoof_detected
Laurent_Gbagbo_3.jpg,low_confidence
Laurent_Woulzy_1.jpg,low_confidence
Laurent_Woulzy_2.jpg,low_confidence
Laurent_Woulzy_3.jpg,low_confidence
LeBron_James_3.jpg,low_confidence
Leandrinho_Barbosa_2.jpg,low_confidence
Lech_Walesa_2.jpg,spoof_detected
Lee_Chang-dong_2.jpg,low_confidence
Lee_Tae-sik_3.jpg,spoof_detected
Lee_Yuan-tseh_2.jpg,no_face
Lee_Yuan-tseh_3.jpg,low_confidence
Lela_Rochon_2.jpg,low_confidence
Lena_Katina_3.jpg,low_confidence
Lena_Olin_3.jpg,low_confidence
Lene_Espersen_1.jpg,spoof_detected
Lenny_Wilkens_2.jpg,low_confidence
Leonardo_DiCaprio_2.jpg,spoof_detected
Leonid_Kuchma_2.jpg,spoof_detected
Leonid_Kuchma_3.jpg,low_confidence
Lesley_Coppin_2.jpg,spoof_detected
Lesley_Coppin_3.jpg,low_confidence
Leuris_Pupo_3.jpg,low_confidence
Li_Ka-shing_2.jpg,low_confidence
Li_Peng_3.jpg,spoof_detected
Li_Zhaoxing_2.jpg,low_confidence
Linda_Dano_3.jpg,low_confidence
Linda_Lingle_3.jpg,low_confidence
Lindsay_Benko_3.jpg,low_confidence
Lino_Oviedo_1.jpg,spoof_detected
Lino_Oviedo_2.jpg,low_confidence
Lionel_Chalmers_3.jpg,low_confidence
Lisa_Marie_Presley_3.jpg,low_confidence
Lisa_Murkowski_2.jpg,low_confidence
Liza_Minnelli_3.jpg,low_confidence
Lleyton_Hewitt_3.jpg,spoof_detected
Lokendra_Bahadur_Chand_3.jpg,spoof_detected
Lorraine_Bracco_3.jpg,spoof_detected
Louisa_Baileche_2.jpg,low_confidence
Luis_Ernesto_Derbez_Bautista_3.jpg,low_confidence
Luis_Gonzalez_Macchi_2.jpg,low_confidence
Lyle_Vanclief_3.jpg,low_confidence
Lyudmila_Putin_2.jpg,low_confidence
Madonna_3.jpg,low_confidence
Maggie_Smith_2.jpg,spoof_detected
Magui_Serna_2.jpg,low_confidence
Mahathir_Mohamad_3.jpg,low_confidence
Mahmoud_Abbas_2.jpg,low_confidence
Mahmoud_Abbas_3.jpg,spoof_detected
Makhdoom_Amin_Fahim_2.jpg,spoof_detected
Makhdoom_Amin_Fahim_3.jpg,no_face
Makiko_Tanaka_2.jpg,low_confidence
Malcolm_Jamal_Warner_3.jpg,spoof_detected
Mamdouh_Habib_1.jpg,spoof_detected
Manuel_Llorente_2.jpg,spoof_detected
Marcelo_Ebrard_3.jpg,low_confidence
Marcelo_Salas_2.jpg,no_face
Marco_Antonio_Barrera_3.jpg,low_confidence
Marco_Pantani_3.jpg,low_confidence
Maria_Luisa_Mendonca_2.jpg,low_confidence
Maria_Luisa_Mendonca_3.jpg,low_confidence
Maria_Shriver_1.jpg,spoof_detected
Mariana_Ohata_1.jpg,low_confidence
Maribel_Dominguez_2.jpg,low_confidence
Marie-Josee_Croze_2.jpg,low_confidence
Marie-Josee_Croze_3.jpg,spoof_detected
Marina_Anissina_3.jpg,no_face
Marina_Kuptsova_3.jpg,low_confidence
Mario_Cipollini_3.jpg,low_confidence
Mario_Dumont_1.jpg,spoof_detected
Mark_Butcher_2.jpg,low_confidence
Mark_Philippoussis_2.jpg,low_confidence
Mark_Polansky_2.jpg,low_confidence
Mark_Redman_2.jpg,low_confidence
Mark_Redman_3.jpg,low_confidence
Markus_Naslund_2.jpg,low_confidence
Markus_Naslund_3.jpg,low_confidence
Marsha_Sharp_3.jpg,low_confidence
Martha_Lucia_Ramirez_1.jpg,spoof_detected
Martha_Lucia_Ramirez_3.jpg,low_confidence
Martha_Stewart_2.jpg,low_confidence
Martha_Stewart_3.jpg,low_confidence
Martin_Brodeur_2.jpg,no_face
Martin_Hoellwarth_2.jpg,spoof_detected
Martin_Hoellwarth_3.jpg,low_confidence
Martin_Lawrence_2.jpg,low_confidence
Martin_Verkerk_3.jpg,spoof_detected
Martina_McBride_2.jpg,low_confidence
Martina_McBride_3.jpg,low_confidence
Marty_Mornhinweg_2.jpg,low_confidence
Mary_Landrieu_1.jpg,spoof_detected
Mary_Lou_Retton_2.jpg,low_confidence
Mary_Lou_Retton_3.jpg,low_confidence
Mary_Tyler_Moore_2.jpg,low_confidence
Mary_Tyler_Moore_3.jpg,low_confidence
Matt_Doherty_3.jpg,low_confidence
Matt_Morris_1.jpg,spoof_detected
Matt_Morris_2.jpg,low_confidence
Matt_Morris_3.jpg,low_confidence
Maurice_Papon_2.jpg,low_confidence
Max_Baucus_1.jpg,spoof_detected
Max_Mosley_2.jpg,spoof_detected
Meg_Wakeman_1.jpg,spoof_detected
Mehdi_Baala_2.jpg,low_confidence
Mehmet_Ali_Sahin_3.jpg,low_confidence
Mekhi_Phifer_1.jpg,spoof_detected
Mekhi_Phifer_3.jpg,spoof_detected
Mel_Brooks_2.jpg,low_confidence
Mel_Karmazin_2.jpg,spoof_detected
Melissa_Etheridge_2.jpg,low_confidence
Melissa_Etheridge_3.jpg,low_confidence
Melissa_Stark_2.jpg,low_confidence
Mian_Khursheed_Mehmood_Kasuri_3.jpg,no_face
Micah_Knorr_3.jpg,no_face
Michael_Arif_3.jpg,spoof_detected
Michael_Ballack_3.jpg,low_confidence
Michael_Douglas_3.jpg,spoof_detected
Michael_Haneke_2.jpg,spoof_detected
Michael_Haneke_3.jpg,spoof_detected
Michael_J_Sheehan_3.jpg,low_confidence
Michael_Jordan_2.jpg,low_confidence
Michael_Jordan_3.jpg,low_confidence
Michael_Kirby_3.jpg,low_confidence
Michael_Kostelnik_3.jpg,low_confidence
Michael_Milton_2.jpg,low_confidence
Michael_Milton_3.jpg,low_confidence
Michael_Moore_2.jpg,low_confidence
Michael_Phelps_2.jpg,spoof_detected
Michael_Schumacher_3.jpg,spoof_detected
Michael_Winterbottom_3.jpg,no_face
Michel_Duclos_2.jpg,low_confidence
Michel_Kratochvil_3.jpg,low_confidence
Michel_Therrien_3.jpg,low_confidence
Michelle_Pfeiffer_2.jpg,spoof_detected
Mickey_Rooney_1.jpg,spoof_detected
Mickey_Rooney_2.jpg,spoof_detected
Miguel_Rosseto_3.jpg,spoof_detected
Mike_Brey_2.jpg,low_confidence
Mike_Johanns_3.jpg,low_confidence
Mike_Matheny_1.jpg,spoof_detected
Mike_Matheny_3.jpg,no_face
Mike_Miller_2.jpg,low_confidence
Mike_Myers_2.jpg,spoof_detected
Mike_Price_2.jpg,low_confidence
Mike_Sweeney_2.jpg,low_confidence
Mike_Sweeney_3.jpg,low_confidence
Mike_Tice_1.jpg,spoof_detected
Mike_Tyson_2.jpg,low_confidence
Mike_Tyson_3.jpg,low_confidence
Mikhail_Khodorkovsky_2.jpg,low_confidence
Mikhail_Youzhny_2.jpg,low_confidence
Mikhail_Youzhny_3.jpg,low_confidence
Milan_Kucan_1.jpg,spoof_detected
Milt_Heflin_1.jpg,low_confidence
Miroljub_2.jpg,spoof_detected
Mohamed_Benaissa_2.jpg,spoof_detected
Mohamed_Seineldin_2.jpg,spoof_detected
Mohammed_Baqir_al-Hakim_3.jpg,no_face
Mona_Locke_3.jpg,low_confidence
Monica_Bellucci_3.jpg,low_confidence
Monte_Kiffin_2.jpg,low_confidence
Morgan_Freeman_1.jpg,spoof_detected
Morgan_Freeman_2.jpg,low_confidence
Morgan_Freeman_3.jpg,low_confidence
Morris_Dees_3.jpg,spoof_detected
Morris_Watts_2.jpg,low_confidence
Mstislav_Rostropovich_2.jpg,low_confidence
Muammar_Gaddafi_1.jpg,low_confidence
Muammar_Gaddafi_2.jpg,low_confidence
Muammar_Gaddafi_3.jpg,low_confidence
Muhammad_Saeed_al-Sahhaf_1.jpg,spoof_detected
Muhammad_Saeed_al-Sahhaf_2.jpg,low_confidence
Muhammad_Saeed_al-Sahhaf_3.jpg,low_confidence
Nabil_Shaath_2.jpg,low_confidence
Nabil_Shaath_3.jpg,low_confidence
Nadia_Petrova_3.jpg,low_confidence
Nancy_Powell_2.jpg,spoof_detected
Nancy_Reagan_2.jpg,low_confidence
Nancy_Sinatra_2.jpg,low_confidence
Nancy_Sinatra_3.jpg,low_confidence
Narendra_Modi_2.jpg,low_confidence
Narendra_Modi_3.jpg,low_confidence
Natalie_Coughlin_2.jpg,low_confidence
Natalie_Stewart_1.jpg,spoof_detected
Natalie_Stewart_2.jpg,low_confidence
Natalie_Williams_3.jpg,low_confidence
Natasha_Henstridge_2.jpg,no_face
Natasha_Henstridge_3.jpg,low_confidence
Nathalie_Baye_3.jpg,low_confidence
Nelson_Acosta_2.jpg,low_confidence
Nia_Vardalos_2.jpg,spoof_detected
Nicanor_Duarte_Frutos_1.jpg,spoof_detected
Nicanor_Duarte_Frutos_2.jpg,low_confidence
Nicholas_Tse_1.jpg,spoof_detected
Nicholas_Tse_3.jpg,spoof_detected
Nicholoas_DiMarzio_2.jpg,spoof_detected
Nick_Markakis_1.jpg,spoof_detected
Nick_Markakis_2.jpg,low_confidence
Nick_Markakis_3.jpg,spoof_detected
Nick_Price_2.jpg,low_confidence
Nick_Price_3.jpg,low_confidence
Nick_Reilly_2.jpg,low_confidence
Nicolas_Massu_3.jpg,low_confidence
Nicole_Kidman_3.jpg,spoof_detected
Nicoletta_Braschi_2.jpg,spoof_detected
Nicoletta_Braschi_3.jpg,spoof_detected
Nida_Blanca_2.jpg,spoof_detected
Nida_Blanca_3.jpg,spoof_detected
Nigel_Redden_2.jpg,low_confidence
Nikki_Teasley_2.jpg,low_confidence
Nikki_Teasley_3.jpg,no_face
Nikolay_Davydenko_3.jpg,low_confidence
Nino_DAngelo_2.jpg,low_confidence
Noah_Wyle_3.jpg,spoof_detected
Nobuyuki_Idei_1.jpg,spoof_detected
Nobuyuki_Idei_3.jpg,low_confidence
Nong_Duc_Manh_2.jpg,spoof_detected
Norbert_van_Heyst_2.jpg,low_confidence
Norbert_van_Heyst_3.jpg,low_confidence
Norman_Mailer_3.jpg,no_face
Odai_Hussein_2.jpg,low_confidence
Oliver_Phelps_2.jpg,spoof_detected
Olivia_Newton-John_2.jpg,low_confidence
Olivia_Newton-John_3.jpg,low_confidence
Oracene_Williams_2.jpg,low_confidence
Oracene_Williams_3.jpg,no_face
Orlando_Bloom_2.jpg,low_confidence
Orlando_Bloom_3.jpg,no_face
Ornella_Muti_3.jpg,spoof_detected
Osama_Al_Baz_1.jpg,spoof_detected
Osama_Al_Baz_2.jpg,spoof_detected
Osama_bin_Laden_3.jpg,no_face
Owen_Nolan_2.jpg,low_confidence
Owen_Nolan_3.jpg,spoof_detected
Oxana_Fedorova_3.jpg,spoof_detected
Ozzy_Osbourne_2.jpg,low_confidence
Pablo_Latras_2.jpg,low_confidence
Pablo_Latras_3.jpg,no_face
Paddy_Torsney_2.jpg,low_confidence
Padraig_Harrington_2.jpg,low_confidence
Padraig_Harrington_3.jpg,low_confidence
Pamela_Anderson_3.jpg,low_confidence
Paradorn_Srichaphan_2.jpg,low_confidence
Paradorn_Srichaphan_3.jpg,low_confidence
Pascal_Lamy_1.jpg,low_confidence
Pascal_Quignard_1.jpg,low_confidence
Pascal_Quignard_2.jpg,no_face
Pat_Cox_3.jpg,spoof_detected
Pat_Summitt_3.jpg,low_confidence
Patrice_Chereau_2.jpg,low_confidence
Patricia_Clarkson_1.jpg,spoof_detected
Patricia_Hearst_2.jpg,spoof_detected
Patricia_Hearst_3.jpg,low_confidence
Patrick_Ewing_2.jpg,no_face
Patrick_Ewing_3.jpg,no_face
Patrick_Leahy_3.jpg,low_confidence
Patrick_McEnroe_2.jpg,low_confidence
Patti_Balgojevich_3.jpg,low_confidence
Patty_Duke_1.jpg,spoof_detected
Patty_Duke_2.jpg,low_confidence
Paul_Brandt_1.jpg,spoof_detected
Paul_Brandt_3.jpg,low_confidence
Paul_Byrd_3.jpg,low_confidence
Paul_Farley_2.jpg,low_confidence
Paul_Greengrass_2.jpg,low_confidence
Paul_LeClerc_1.jpg,spoof_detected
Paul_Martin_3.jpg,spoof_detected
Paul_McCartney_2.jpg,low_confidence
Paul_McNulty_3.jpg,spoof_detected
Paul_Pierce_2.jpg,no_face
Paul_Schrader_2.jpg,spoof_detected
Paul_Schrader_3.jpg,low_confidence
Paul_Shanley_3.jpg,low_confidence
Paul_Tracy_2.jpg,spoof_detected
Paula_Abdul_2.jpg,no_face
Paula_Abdul_3.jpg,low_confidence
Paula_Radcliffe_1.jpg,spoof_detected
Pauley_Perrette_3.jpg,low_confidence
Pauline_Landers_1.jpg,spoof_detected
Pauline_Landers_3.jpg,spoof_detected
Pedro_Malan_2.jpg,low_confidence
Penelope_Cruz_2.jpg,low_confidence
Penny_Lancaster_3.jpg,low_confidence
Percy_Gibson_3.jpg,low_confidence
Pete_Rose_3.jpg,low_confidence
Peter_Camejo_2.jpg,low_confidence
Peter_Greenaway_2.jpg,low_confidence
Peter_Greenspun_3.jpg,low_confidence
Peter_Hillary_1.jpg,spoof_detected
Peter_Hillary_3.jpg,low_confidence
Peter_Mugyeni_1.jpg,low_confidence
Peter_Mugyeni_2.jpg,low_confidence
Peter_Mugyeni_3.jpg,low_confidence
Peter_OToole_3.jpg,low_confidence
Peter_Struck_3.jpg,low_confidence
Phil_Bredesen_2.jpg,low_confidence
Phil_Cline_2.jpg,low_confidence
Phil_Gramm_2.jpg,low_confidence
Phil_Jackson_3.jpg,low_confidence
Phil_Vassar_3.jpg,spoof_detected
Philippe_Noiret_1.jpg,spoof_detected
Phoenix_Chang_2.jpg,low_confidence
Pierre_Boulanger_3.jpg,low_confidence
Pierre_Lacroix_2.jpg,spoof_detected
Pierre_Van_Hooijdonk_2.jpg,low_confidence
Piers_Sellers_1.jpg,low_confidence
Piers_Sellers_3.jpg,low_confidence
Portia_de_Rossi_1.jpg,spoof_detected
Portia_de_Rossi_2.jpg,spoof_detected
Prince_Charles_3.jpg,low_confidence
Prince_Claus_3.jpg,spoof_detected
Prince_Felipe_1.jpg,spoof_detected
Prince_Willem-Alexander_3.jpg,spoof_detected
Princess_Aiko_1.jpg,low_confidence
Princess_Aiko_2.jpg,low_confidence
Princess_Masako_2.jpg,spoof_detected
Qais_al-Kazali_1.jpg,spoof_detected
Qais_al-Kazali_2.jpg,low_confidence
Qais_al-Kazali_3.jpg,no_face
Qian_Qichen_2.jpg,low_confidence
Qusai_Hussein_1.jpg,spoof_detected
Qusai_Hussein_2.jpg,low_confidence
Qusai_Hussein_3.jpg,spoof_detected
Rachel_Griffiths_2.jpg,no_face
Raf_Vallone_1.jpg,low_confidence
Rainer_Schuettler_2.jpg,low_confidence
Rainer_Schuettler_3.jpg,low_confidence
Randy_Johnson_2.jpg,low_confidence
Randy_Johnson_3.jpg,no_face
Ranil_Wickremasinghe_2.jpg,low_confidence
Raquel_Welch_1.jpg,spoof_detected
Raquel_Welch_2.jpg,low_confidence
Raquel_Welch_3.jpg,low_confidence
Rashid_Qureshi_2.jpg,spoof_detected
Ray_Allen_1.jpg,spoof_detected
Ray_Allen_2.jpg,low_confidence
Ray_Allen_3.jpg,low_confidence
Ray_Bradbury_2.jpg,low_confidence
Ray_Bradbury_3.jpg,low_confidence
Ray_Liotta_3.jpg,low_confidence
Razali_Ismail_2.jpg,low_confidence
Reggie_Miller_3.jpg,spoof_detected
Retief_Goosen_3.jpg,low_confidence
Ricardo_Monasterio_2.jpg,low_confidence
Rich_Brooks_3.jpg,low_confidence
Richard_Branson_3.jpg,low_confidence
Richard_Chamberlain_1.jpg,spoof_detected
Richard_Chamberlain_2.jpg,spoof_detected
Richard_Crenna_2.jpg,spoof_detected
Richard_Hamilton_2.jpg,low_confidence
Richard_Hamilton_3.jpg,low_confidence
Richard_Penniman_2.jpg,spoof_detected
Richard_Reid_2.jpg,spoof_detected
Richard_Shelby_2.jpg,spoof_detected
Richard_Shelby_3.jpg,low_confidence
Richard_Virenque_3.jpg,low_confidence
Rick_Carlisle_3.jpg,spoof_detected
Rick_Caruso_2.jpg,spoof_detected
Rick_Dinse_2.jpg,spoof_detected
Rick_Dinse_3.jpg,low_confidence
Rick_Husband_2.jpg,low_confidence
Rick_Pitino_2.jpg,low_confidence
Rick_Reed_2.jpg,spoof_detected
Rick_Reed_3.jpg,spoof_detected
Ricky_Martin_3.jpg,low_confidence
Ringo_Starr_2.jpg,spoof_detected
Rob_Niedermayer_3.jpg,spoof_detected
Rob_Schneider_1.jpg,spoof_detected
Robbie_Naish_1.jpg,spoof_detected
Robby_Ginepri_2.jpg,low_confidence
Robert_Blackwill_2.jpg,low_confidence
Robert_Blake_1.jpg,spoof_detected
Robert_De_Niro_2.jpg,spoof_detected
Robert_De_Niro_3.jpg,spoof_detected
Robert_Fico_3.jpg,low_confidence
Robert_Kocharian_2.jpg,spoof_detected
Robert_Korzeniowski_2.jpg,spoof_detected
Robert_Morvillo_3.jpg,low_confidence
Robert_Nardelli_2.jpg,spoof_detected
Robert_Nillson_3.jpg,spoof_detected
Robert_Stack_2.jpg,low_confidence
Robin_Cook_2.jpg,spoof_detected
Robin_McLaurin_Williams_2.jpg,low_confidence
Rod_Paige_2.jpg,low_confidence
Rod_Thorn_3.jpg,low_confidence
Rodney_Dangerfield_2.jpg,spoof_detected
Roger_Clemens_2.jpg,low_confidence
Roger_Clemens_3.jpg,low_confidence
Roger_Etchegaray_2.jpg,low_confidence
Roger_Etchegaray_3.jpg,low_confidence
Roger_Staubach_2.jpg,low_confidence
Roger_Staubach_3.jpg,low_confidence
Roh_Moo-hyun_3.jpg,low_confidence
Rollie_Massimino_1.jpg,low_confidence
Rollie_Massimino_2.jpg,low_confidence
Roman_Coppola_3.jpg,low_confidence
Roman_Polanski_1.jpg,spoof_detected
Roman_Tam_2.jpg,spoof_detected
Roman_Tam_3.jpg,low_confidence
Ron_Howard_1.jpg,spoof_detected
Ron_Howard_2.jpg,low_confidence
Ronald_Harwood_3.jpg,low_confidence
Ronald_Kadish_2.jpg,low_confidence
Ronald_Kadish_3.jpg,spoof_detected
Ronald_Reagan_3.jpg,low_confidence
Rosalyn_Carter_3.jpg,spoof_detected
Roy_Halladay_2.jpg,low_confidence
Ruben_Sierra_3.jpg,low_confidence
Ruben_Studdard_2.jpg,low_confidence
Rudi_Voeller_2.jpg,low_confidence
Rudolf_Schuster_3.jpg,spoof_detected
Rudolph_Holton_2.jpg,spoof_detected
Rupert_Grint_2.jpg,spoof_detected
Ruth_Bader_Ginsburg_3.jpg,low_confidence
Ruth_Dreifuss_3.jpg,spoof_detected
Ryan_Nyquist_1.jpg,spoof_detected
Ryan_Nyquist_3.jpg,low_confidence
Sabah_Al-Ahmad_Al-Jaber_Al-Sabah_1.jpg,spoof_detected
Sabah_Al-Ahmad_Al-Jaber_Al-Sabah_2.jpg,low_confidence
Sabah_Al-Ahmad_Al-Jaber_Al-Sabah_3.jpg,low_confidence
Saburo_Kawabuchi_2.jpg,spoof_detected
Sachin_Tendulkar_1.jpg,no_face
Saddam_Hussein_1.jpg,spoof_detected
Saddam_Hussein_3.jpg,low_confidence
Sadie_Frost_3.jpg,spoof_detected
Saeed_Anwar_3.jpg,spoof_detected
Sally_Ride_3.jpg,low_confidence
Sananda_Maitreya_2.jpg,low_confidence
Sananda_Maitreya_3.jpg,spoof_detected
Sandra_Bullock_3.jpg,spoof_detected
Sandra_Ceccarelli_3.jpg,spoof_detected
Sandra_Day_OConner_2.jpg,low_confidence
Sandra_Day_OConner_3.jpg,low_confidence
Sandra_Milo_3.jpg,low_confidence
Sanja_Papic_3.jpg,low_confidence
Sanjay_Gupta_2.jpg,low_confidence
Santiago_Botero_3.jpg,low_confidence
Sargis_Sargsian_2.jpg,low_confidence
Sasha_Cohen_2.jpg,low_confidence
Satnarine_Sharma_3.jpg,low_confidence
Scott_Rolen_3.jpg,low_confidence
Se_Hyuk_Joo_2.jpg,low_confidence
Sean_Patrick_OMalley_2.jpg,no_face
Sebastian_Cuattrin_2.jpg,low_confidence
Sebastien_Grosjean_2.jpg,low_confidence
Sergei_Yushenkov_2.jpg,spoof_detected
Sergei_Yushenkov_3.jpg,spoof_detected
Seymour_Cassell_2.jpg,spoof_detected
Seymour_Cassell_3.jpg,low_confidence
Shane_Reynolds_2.jpg,low_confidence
Shane_Reynolds_3.jpg,low_confidence
Shaukat_Aziz_3.jpg,low_confidence
Shaul_Mofaz_3.jpg,spoof_detected
Shaun_Pollock_2.jpg,low_confidence
Shaun_Pollock_3.jpg,low_confidence
Sheila_Fraser_2.jpg,spoof_detected
Sheila_Wellstone_3.jpg,low_confidence
Sheldon_Silver_2.jpg,low_confidence
Sherri_Coale_2.jpg,spoof_detected
Sheryl_Crow_2.jpg,low_confidence
Shimon_Peres_1.jpg,spoof_detected
Shimon_Peres_3.jpg,spoof_detected
Shirley_Jones_2.jpg,spoof_detected
Shirley_Jones_3.jpg,spoof_detected
Sidney_Kimmel_1.jpg,spoof_detected
Sidney_Poitier_2.jpg,spoof_detected
Sidney_Poitier_3.jpg,spoof_detected
Silvan_Shalom_1.jpg,spoof_detected
Silvan_Shalom_2.jpg,low_confidence
Silvio_Berlusconi_2.jpg,spoof_detected
Sok_An_2.jpg,spoof_detected
Sophia_Loren_2.jpg,spoof_detected
Sophia_Loren_3.jpg,spoof_detected
Stacey_Jones_2.jpg,spoof_detected
Stanley_Ho_1.jpg,spoof_detected
Stanley_Ho_3.jpg,spoof_detected
Stanley_McChrystal_2.jpg,low_confidence
Stanley_Nelson_2.jpg,low_confidence
Stanley_Nelson_3.jpg,low_confidence
Stefan_Holm_1.jpg,spoof_detected
Stefan_Koubek_2.jpg,low_confidence
Stefan_Koubek_3.jpg,spoof_detected
Stellan_Skarsgard_1.jpg,spoof_detected
Stellan_Skarsgard_3.jpg,low_confidence
Stephane_Delajoux_2.jpg,low_confidence
Stephanie_Cohen_Aloro_3.jpg,low_confidence
Stephanie_Zimbalist_2.jpg,spoof_detected
Stephanie_Zimbalist_3.jpg,spoof_detected
Stephen_Daldry_2.jpg,low_confidence
Steve_Austin_2.jpg,low_confidence
Steve_Austin_3.jpg,low_confidence
Steve_Backley_2.jpg,low_confidence
Steve_Backley_3.jpg,low_confidence
Steve_Ballmer_1.jpg,spoof_detected
Steve_Fehr_1.jpg,spoof_detected
Steve_Karsay_2.jpg,low_confidence
Steve_Karsay_3.jpg,low_confidence
Steve_Largent_3.jpg,spoof_detected
Steve_Mariucci_2.jpg,low_confidence
Steve_Nesbitt_2.jpg,low_confidence
Steve_Park_3.jpg,low_confidence
Steve_Spurrier_2.jpg,low_confidence
Steve_Waugh_2.jpg,low_confidence
Steven_Curtis_Chapman_2.jpg,low_confidence
Steven_Curtis_Chapman_3.jpg,spoof_detected
Steven_Hatfill_2.jpg,spoof_detected
Steven_Spielberg_1.jpg,low_confidence
Steven_Spielberg_3.jpg,low_confidence
Strom_Thurmond_2.jpg,low_confidence
Strom_Thurmond_3.jpg,low_confidence
Stuart_Townsend_3.jpg,spoof_detected
Sun_Myung_Moon_2.jpg,low_confidence
Sun_Myung_Moon_3.jpg,spoof_detected
Sushma_Swaraj_3.jpg,spoof_detected
Susilo_Bambang_Yudhoyono_3.jpg,low_confidence
Suzanne_Somers_2.jpg,spoof_detected
Suzanne_Torrance_2.jpg,low_confidence
Sven_Goran_Eriksson_2.jpg,low_confidence
Sven_Goran_Eriksson_3.jpg,low_confidence
Svend_Aage_Jensby_3.jpg,spoof_detected
Sylvester_Stallone_2.jpg,low_confidence
Sylvester_Stallone_3.jpg,spoof_detected
Taha_Yassin_Ramadan_2.jpg,low_confidence
Taha_Yassin_Ramadan_3.jpg,low_confidence
Takashi_Sorimachi_2.jpg,low_confidence
Takashi_Sorimachi_3.jpg,no_face
Takeshi_Kitano_3.jpg,low_confidence
Tammy_Lynn_Michaels_1.jpg,spoof_detected
Tammy_Lynn_Michaels_3.jpg,low_confidence
Tanya_Lindenmuth_3.jpg,low_confidence
Tariq_Aziz_2.jpg,low_confidence
Tassos_Papadopoulos_1.jpg,spoof_detected
Tassos_Papadopoulos_2.jpg,spoof_detected
Tatiana_Panova_2.jpg,low_confidence
Tatjana_Gsell_2.jpg,low_confidence
Tatjana_Gsell_3.jpg,low_confidence
Tatsuya_Fuji_2.jpg,low_confidence
Ted_Washington_2.jpg,low_confidence
Teddy_Kollek_2.jpg,spoof_detected
Terence_Newman_2.jpg,low_confidence
Terence_Newman_3.jpg,low_confidence
Teresa_Heinz_Kerry_2.jpg,low_confidence
Teresa_Heinz_Kerry_3.jpg,low_confidence
Teri_Garr_3.jpg,low_confidence
Terje_Roed-Larsen_3.jpg,low_confidence
Terry_Hoeppner_2.jpg,low_confidence
Terunobu_Maeda_2.jpg,low_confidence
Thabo_Mbeki_2.jpg,low_confidence
Thad_Matta_3.jpg,spoof_detected
Thomas_Mesereau_Jr_2.jpg,low_confidence
Thomas_Mesereau_Jr_3.jpg,low_confidence
Thomas_Rupprath_2.jpg,low_confidence
Thomas_Rupprath_3.jpg,spoof_detected
Thomas_Watjen_3.jpg,low_confidence
Tian_Zhuang_Zhuang_3.jpg,low_confidence
Tiger_Woods_3.jpg,low_confidence
Tim_Allen_3.jpg,low_confidence
Tim_Curley_2.jpg,spoof_detected
Tim_Floyd_2.jpg,spoof_detected
Tim_Howard_3.jpg,spoof_detected
Timothy_McVeigh_2.jpg,spoof_detected
Todd_Haynes_2.jpg,low_confidence
Todd_Haynes_3.jpg,spoof_detected
Todd_MacCulloch_2.jpg,low_confidence
Todd_Parrott_2.jpg,spoof_detected
Tom_Brady_2.jpg,no_face
Tom_Cruise_2.jpg,low_confidence
Tom_Curley_3.jpg,spoof_detected
Tom_Hanks_2.jpg,spoof_detected
Tom_McClintock_1.jpg,spoof_detected
Tommy_Robredo_1.jpg,spoof_detected
Tommy_Shane_Steiner_2.jpg,low_confidence
Tono_Suratman_3.jpg,low_confidence
Tony_LaRussa_3.jpg,low_confidence
Toshimitsu_Motegi_2.jpg,low_confidence
Toutai_Kefu_2.jpg,low_confidence
Tracy_McGrady_3.jpg,no_face
Trent_Lott_3.jpg,spoof_detected
Trevor_McDonald_2.jpg,low_confidence
Troy_Aikman_2.jpg,no_face
Troy_Aikman_3.jpg,no_face
Tsutomu_Takebe_2.jpg,low_confidence
Tsutomu_Takebe_3.jpg,low_confidence
Tung_Chee-hwa_2.jpg,low_confidence
Turner_Gill_2.jpg,low_confidence
Turner_Stevenson_2.jpg,spoof_detected
Turner_Stevenson_3.jpg,low_confidence
Uday_Hussein_2.jpg,spoof_detected
Uzi_Even_3.jpg,low_confidence
Vaclav_Havel_3.jpg,low_confidence
Valerie_Harper_2.jpg,low_confidence
Valerie_Harper_3.jpg,spoof_detected
Valery_Giscard_dEstaing_3.jpg,low_confidence
Vanessa_Redgrave_3.jpg,spoof_detected
Vecdi_Gonul_1.jpg,low_confidence
Vecdi_Gonul_2.jpg,spoof_detected
Veronica_Lake_1.jpg,spoof_detected
Veronica_Lake_2.jpg,low_confidence
Vicente_Fox_2.jpg,low_confidence
Victor_Garber_3.jpg,spoof_detected
Vincent_Gallo_2.jpg,spoof_detected
Vincent_Gallo_3.jpg,spoof_detected
Wanda_de_la_Jesus_3.jpg,low_confidence
Warren_Buffett_2.jpg,low_confidence
Warren_Buffett_3.jpg,no_face
Will_Smith_2.jpg,spoof_detected
William_Bulger_3.jpg,spoof_detected
William_Ford_Jr_3.jpg,spoof_detected
William_Hurt_1.jpg,spoof_detected
William_Hurt_3.jpg,low_confidence
William_Rehnquist_2.jpg,low_confidence
Wim_Duisenberg_2.jpg,spoof_detected
Wolfgang_Schneiderhan_2.jpg,low_confidence
Wolfgang_Schwarz_2.jpg,spoof_detected
Wolfgang_Schwarz_3.jpg,low_confidence
Xavier_Malisse_2.jpg,low_confidence
Yana_Klochkova_2.jpg,low_confidence
Yashwant_Sinha_2.jpg,low_confidence
Yolanda_King_3.jpg,low_confidence
Yoon_Young-kwan_2.jpg,low_confidence
Yossi_Beilin_2.jpg,low_confidence
Zach_Parise_3.jpg,low_confidence
Zafarullah_Khan_Jamali_3.jpg,low_confidence
Zalmay_Khalilzad_1.jpg,spoof_detected
Zhang_Ziyi_2.jpg,spoof_detected
Zydrunas_Ilgauskas_3.jpg,low_confidence
